SEF	1.0.0
ID	TI02_Bellinzona
Name	Bellinzona
Lat	46.19108
Lon	9.02262
Alt	230
Source	CHIMES
Link	https://doi.org/10.5194/cp-15-1345-2019
Vbl	ta
Stat	mean
Units	C
Meta	Observer=Pater Thomas Inderbitzin,Padre Plazidus Gmeinder|QC software=dataresqc v1.0.3 | Orig.res=subdaily | Diurnal cycle=Y
Year	Month	Day	Hour	Minute	Period	Value	Meta
1826	11	NA	NA	NA	month	4.7	
1826	12	NA	NA	NA	month	3.3	
1827	1	NA	NA	NA	month	1.3	
1827	2	NA	NA	NA	month	2.3	
1827	3	NA	NA	NA	month	9.3	
1827	4	NA	NA	NA	month	13.7	
1827	5	NA	NA	NA	month	17.1	
1827	6	NA	NA	NA	month	21.1	
1827	7	NA	NA	NA	month	25.4	
1827	8	NA	NA	NA	month	21.3	
1827	9	NA	NA	NA	month	17.6	
1827	10	NA	NA	NA	month	13	
1827	11	NA	NA	NA	month	6.1	
1827	12	NA	NA	NA	month	3.8	
1828	1	NA	NA	NA	month	3.8	
1828	2	NA	NA	NA	month	3.7	
1828	3	NA	NA	NA	month	10.6	
1828	4	NA	NA	NA	month	13.8	
1828	5	NA	NA	NA	month	18.2	
1828	6	NA	NA	NA	month	21.4	
1828	7	NA	NA	NA	month	23.7	
1828	8	NA	NA	NA	month	22.3	
1828	9	NA	NA	NA	month	18.7	
1828	10	NA	NA	NA	month	12.8	
1829	8	NA	NA	NA	month	20.3	
1829	9	NA	NA	NA	month	15.1	
1829	10	NA	NA	NA	month	11.6	
1829	11	NA	NA	NA	month	4.4	
1829	12	NA	NA	NA	month	-0.1	
1830	1	NA	NA	NA	month	-2.6	
1830	3	NA	NA	NA	month	11.7	
1830	4	NA	NA	NA	month	14.4	
1830	5	NA	NA	NA	month	17.4	
1830	6	NA	NA	NA	month	18.6	
1830	7	NA	NA	NA	month	23.7	
1830	8	NA	NA	NA	month	21.9	
1830	9	NA	NA	NA	month	16.1	
1830	10	NA	NA	NA	month	11.6	
1830	11	NA	NA	NA	month	7.5	
1830	12	NA	NA	NA	month	2.6	
1831	1	NA	NA	NA	month	0.5	
1831	2	NA	NA	NA	month	4	
1831	3	NA	NA	NA	month	9.7	
1831	4	NA	NA	NA	month	11.7	
1831	5	NA	NA	NA	month	15.4	
1831	6	NA	NA	NA	month	20.5	
1831	7	NA	NA	NA	month	21.7	
1831	9	NA	NA	NA	month	16.6	
1831	10	NA	NA	NA	month	14.1	
1831	11	NA	NA	NA	month	6.4	
1831	12	NA	NA	NA	month	3.6	
1832	1	NA	NA	NA	month	0.2	
1832	2	NA	NA	NA	month	2.4	
1832	3	NA	NA	NA	month	6.6	
1832	4	NA	NA	NA	month	11.6	
1832	5	NA	NA	NA	month	15.5	
1832	6	NA	NA	NA	month	18.8	
1832	7	NA	NA	NA	month	24.5	
1832	8	NA	NA	NA	month	23.3	
1832	9	NA	NA	NA	month	17.9	
1832	10	NA	NA	NA	month	12.1	
