SEF	1.0.0
ID	SO02_Weissenstein
Name	Weissenstein
Lat	47.25193
Lon	7.50909
Alt	1282
Source	CHIMES
Link	https://doi.org/10.5194/cp-15-1345-2019
Vbl	ta
Stat	mean
Units	C
Meta	Observer=Zschokke|QC software=dataresqc v1.0.3 | Orig.res=subdaily | Diurnal cycle=Y
Year	Month	Day	Hour	Minute	Period	Value	Meta
1828	9	NA	NA	NA	month	8.9	
1828	11	NA	NA	NA	month	3.8	
1828	12	NA	NA	NA	month	1.7	
1829	3	NA	NA	NA	month	0.1	
1829	4	NA	NA	NA	month	3.7	
1829	5	NA	NA	NA	month	8	
1829	6	NA	NA	NA	month	9.8	
1829	11	NA	NA	NA	month	-0.8	
1829	12	NA	NA	NA	month	-5.3	
1830	1	NA	NA	NA	month	-5.2	
1830	2	NA	NA	NA	month	-2.6	
1830	3	NA	NA	NA	month	3.3	
1830	4	NA	NA	NA	month	6.4	
1830	6	NA	NA	NA	month	9.5	
1830	7	NA	NA	NA	month	14.1	
1830	8	NA	NA	NA	month	12.5	
1830	9	NA	NA	NA	month	6.6	
1830	11	NA	NA	NA	month	3	
1830	12	NA	NA	NA	month	-3.5	
1831	1	NA	NA	NA	month	-2.3	
1831	2	NA	NA	NA	month	-0.8	
1831	3	NA	NA	NA	month	1	
1831	4	NA	NA	NA	month	5.4	
