SEF	1.0.0
ID	GR05_Disentis_Condrau
Name	Disentis
Lat	46.70572
Lon	8.8546
Alt	1150
Source	CHIMES
Link	https://doi.org/10.5194/cp-15-1345-2019
Vbl	ta
Stat	mean
Units	C
Meta	Observer=Augustin Condrau|QC software=dataresqc v1.0.3 | Orig.res=subdaily | Diurnal cycle=N
Year	Month	Day	Hour	Minute	Period	Value	Meta
1837	1	NA	NA	NA	month	-2.6	
1837	2	NA	NA	NA	month	-0.8	
1837	3	NA	NA	NA	month	-1.2	
1837	4	NA	NA	NA	month	4.8	
1837	5	NA	NA	NA	month	9.7	
1837	6	NA	NA	NA	month	20.8	
1837	7	NA	NA	NA	month	20.6	
1837	8	NA	NA	NA	month	22.9	
1837	9	NA	NA	NA	month	14	
1837	10	NA	NA	NA	month	9	
1837	11	NA	NA	NA	month	0.6	
1837	12	NA	NA	NA	month	0.1	
1838	2	NA	NA	NA	month	-1.4	
1838	3	NA	NA	NA	month	6.8	
1838	4	NA	NA	NA	month	7.9	
1838	9	NA	NA	NA	month	15	
1838	10	NA	NA	NA	month	10.1	
1838	11	NA	NA	NA	month	1.1	
1838	12	NA	NA	NA	month	-2.1	
1840	1	NA	NA	NA	month	1.1	
1840	2	NA	NA	NA	month	-0.2	
1840	3	NA	NA	NA	month	0.5	
1840	4	NA	NA	NA	month	8.6	
1840	5	NA	NA	NA	month	12.6	
1840	6	NA	NA	NA	month	16.6	
