SEF	1.0.0
ID	AR02_Gais
Name	Gais
Lat	47.363
Lon	9.454
Alt	920
Source	CHIMES
Link	https://doi.org/10.5194/cp-15-1345-2019
Vbl	ta
Stat	mean
Units	C
Meta	Observer=Jac. Kern | Orig.res=subdaily | Diurnal cycle=Y
Year	Month	Day	Hour	Minute	Period	Value	Meta
1861	3	NA	NA	NA	month	2.9	
1861	4	NA	NA	NA	month	5.2	
1861	5	NA	NA	NA	month	10.6	
1861	6	NA	NA	NA	month	15.5	
1861	7	NA	NA	NA	month	15.8	
1861	8	NA	NA	NA	month	17.5	
1861	9	NA	NA	NA	month	12.4	
1861	10	NA	NA	NA	month	11	
1862	1	NA	NA	NA	month	-1.5	
1862	2	NA	NA	NA	month	0.3	
1862	3	NA	NA	NA	month	6.9	
1862	4	NA	NA	NA	month	9.5	
1862	5	NA	NA	NA	month	13.6	
1862	6	NA	NA	NA	month	13.5	
1862	7	NA	NA	NA	month	16.6	
1862	10	NA	NA	NA	month	10.8	
1862	11	NA	NA	NA	month	4	
1862	12	NA	NA	NA	month	0.5	
1863	1	NA	NA	NA	month	1.6	
1863	2	NA	NA	NA	month	-0.4	
1863	3	NA	NA	NA	month	2.9	
1863	4	NA	NA	NA	month	8.2	
1863	5	NA	NA	NA	month	12.9	
1863	6	NA	NA	NA	month	14.7	
1863	7	NA	NA	NA	month	16.9	
1863	8	NA	NA	NA	month	17.3	
1863	9	NA	NA	NA	month	11	
1863	10	NA	NA	NA	month	10	
1863	11	NA	NA	NA	month	2.3	
1863	12	NA	NA	NA	month	-0.5	
1864	1	NA	NA	NA	month	-6.2	
1864	3	NA	NA	NA	month	4.6	
1864	4	NA	NA	NA	month	5	
1864	5	NA	NA	NA	month	11.4	
1864	6	NA	NA	NA	month	14.1	
1864	7	NA	NA	NA	month	16.1	
1864	8	NA	NA	NA	month	14.7	
1864	9	NA	NA	NA	month	12.4	
1864	10	NA	NA	NA	month	7.4	
1864	11	NA	NA	NA	month	2.6	
1864	12	NA	NA	NA	month	-2.7	
1865	1	NA	NA	NA	month	0.3	
