SEF	1.0.0
ID	ZH02_Ellikon
Name	Ellikon an der Thur
Lat	47.56213
Lon	8.82532
Alt	407
Source	CHIMES
Link	https://doi.org/10.5194/cp-15-1345-2019
Vbl	ta
Stat	mean
Units	C
Meta	Observer=Hans Kaspar Egg | Orig.res=subdaily | Diurnal cycle=Y
Year	Month	Day	Hour	Minute	Period	Value	Meta
1831	1	NA	NA	NA	month	-3.9	
1831	2	NA	NA	NA	month	0.4	
1831	3	NA	NA	NA	month	6.2	
1831	4	NA	NA	NA	month	9.7	
1831	5	NA	NA	NA	month	12.7	
1831	6	NA	NA	NA	month	15.3	
1831	10	NA	NA	NA	month	10.6	
1831	11	NA	NA	NA	month	4.5	
1831	12	NA	NA	NA	month	0.2	
1832	1	NA	NA	NA	month	-0.8	
1832	2	NA	NA	NA	month	-0.1	
1832	3	NA	NA	NA	month	3.6	
1832	4	NA	NA	NA	month	8	
1832	7	NA	NA	NA	month	17.7	
1832	9	NA	NA	NA	month	11.7	
1832	10	NA	NA	NA	month	7.6	
1832	11	NA	NA	NA	month	4.3	
1832	12	NA	NA	NA	month	1.7	
1833	1	NA	NA	NA	month	-2.8	
1833	2	NA	NA	NA	month	4.9	
1833	3	NA	NA	NA	month	3.7	
1833	4	NA	NA	NA	month	7	
1833	5	NA	NA	NA	month	16.7	
1833	7	NA	NA	NA	month	16.1	
1833	8	NA	NA	NA	month	14.4	
1833	9	NA	NA	NA	month	12.4	
1833	10	NA	NA	NA	month	7.9	
1833	12	NA	NA	NA	month	4.8	
1834	1	NA	NA	NA	month	4	
1834	2	NA	NA	NA	month	1.3	
1834	3	NA	NA	NA	month	4.1	
1834	6	NA	NA	NA	month	17.5	
1834	7	NA	NA	NA	month	20.3	
1834	8	NA	NA	NA	month	17.9	
1834	9	NA	NA	NA	month	14.8	
1834	10	NA	NA	NA	month	7.4	
1834	11	NA	NA	NA	month	3.3	
1834	12	NA	NA	NA	month	-0.9	
1835	1	NA	NA	NA	month	-0.7	
1835	3	NA	NA	NA	month	3.8	
1835	4	NA	NA	NA	month	7.3	
1835	5	NA	NA	NA	month	13.3	
1835	6	NA	NA	NA	month	17.1	
1835	7	NA	NA	NA	month	19.1	
1835	8	NA	NA	NA	month	17.5	
1835	9	NA	NA	NA	month	12.6	
1835	10	NA	NA	NA	month	6.8	
1835	11	NA	NA	NA	month	-0.1	
1835	12	NA	NA	NA	month	-3.1	
1836	1	NA	NA	NA	month	-1.6	
1836	2	NA	NA	NA	month	-0.1	
1836	3	NA	NA	NA	month	6.3	
1836	4	NA	NA	NA	month	7.4	
1836	5	NA	NA	NA	month	10.1	
1836	6	NA	NA	NA	month	16.3	
1836	7	NA	NA	NA	month	18.1	
1836	8	NA	NA	NA	month	18.7	
1836	9	NA	NA	NA	month	12.6	
1836	10	NA	NA	NA	month	7.7	
1836	11	NA	NA	NA	month	3.5	
1836	12	NA	NA	NA	month	1.7	
1837	1	NA	NA	NA	month	-1.2	
1837	2	NA	NA	NA	month	0.6	
1837	3	NA	NA	NA	month	0.9	
1837	4	NA	NA	NA	month	5.8	
1837	5	NA	NA	NA	month	10	
1837	6	NA	NA	NA	month	17.7	
1837	7	NA	NA	NA	month	16.9	
1837	8	NA	NA	NA	month	19.4	
1837	9	NA	NA	NA	month	11.2	
1837	10	NA	NA	NA	month	8.3	
1837	11	NA	NA	NA	month	3.1	
1837	12	NA	NA	NA	month	1.1	
1838	1	NA	NA	NA	month	-5.3	
1838	2	NA	NA	NA	month	-0.2	
1838	3	NA	NA	NA	month	4.7	
1838	4	NA	NA	NA	month	5.5	
1838	5	NA	NA	NA	month	12.2	
1838	6	NA	NA	NA	month	16	
1838	7	NA	NA	NA	month	17	
1838	8	NA	NA	NA	month	15.3	
1838	9	NA	NA	NA	month	13.5	
1838	10	NA	NA	NA	month	7.9	
1838	11	NA	NA	NA	month	4.9	
1838	12	NA	NA	NA	month	0.3	
1839	1	NA	NA	NA	month	-1.1	
1839	2	NA	NA	NA	month	1.6	
1839	3	NA	NA	NA	month	3.2	
1839	4	NA	NA	NA	month	5.9	
1839	5	NA	NA	NA	month	12	
1839	6	NA	NA	NA	month	18.7	
1839	7	NA	NA	NA	month	18.5	
1839	8	NA	NA	NA	month	14.9	
1839	9	NA	NA	NA	month	13.4	
1839	10	NA	NA	NA	month	10.8	
1839	11	NA	NA	NA	month	6.4	
1839	12	NA	NA	NA	month	3.7	
1840	1	NA	NA	NA	month	1.6	
1840	2	NA	NA	NA	month	0.1	
1840	3	NA	NA	NA	month	1.6	
1840	4	NA	NA	NA	month	10.5	
1840	5	NA	NA	NA	month	13.1	
1840	6	NA	NA	NA	month	15.7	
