SEF	1.0.0
ID	TI01_Gotthard
Name	Gotthard Pass
Lat	46.55535
Lon	8.56791
Alt	2093
Source	CHIMES
Link	https://doi.org/10.5194/cp-15-1345-2019
Vbl	ta
Stat	mean
Units	C
Meta	Observer=Pater Onuphrius, Pater Laurentius Mediolanensis, Jos. Belmas de Caladray | Orig.res=subdaily | Diurnal cycle=Y
Year	Month	Day	Hour	Minute	Period	Value	Meta
1781	6	NA	NA	NA	month	5.4	
1781	7	NA	NA	NA	month	8	
1781	8	NA	NA	NA	month	9	
1781	9	NA	NA	NA	month	4.8	
1781	10	NA	NA	NA	month	-0.5	
1781	11	NA	NA	NA	month	-3.9	
1781	12	NA	NA	NA	month	-3.8	
1782	1	NA	NA	NA	month	-6.7	
1782	2	NA	NA	NA	month	-12.3	
1782	3	NA	NA	NA	month	-8	
1782	4	NA	NA	NA	month	-3.7	
1782	5	NA	NA	NA	month	0.5	
1782	6	NA	NA	NA	month	7	
1782	7	NA	NA	NA	month	9.5	
1782	8	NA	NA	NA	month	7.8	
1782	9	NA	NA	NA	month	4.7	
1782	10	NA	NA	NA	month	-2.6	
1782	11	NA	NA	NA	month	-9	
1782	12	NA	NA	NA	month	-6.6	
1783	1	NA	NA	NA	month	-6.8	
1783	2	NA	NA	NA	month	-6.7	
1783	3	NA	NA	NA	month	-8	
1783	4	NA	NA	NA	month	-1.6	
1783	5	NA	NA	NA	month	2.7	
1783	6	NA	NA	NA	month	4.2	
1783	7	NA	NA	NA	month	9.6	
1783	8	NA	NA	NA	month	7	
1783	9	NA	NA	NA	month	5.3	
1783	10	NA	NA	NA	month	2.7	
1783	11	NA	NA	NA	month	-3.2	
1783	12	NA	NA	NA	month	-5.4	
1784	1	NA	NA	NA	month	-10.5	
1784	2	NA	NA	NA	month	-10.3	
1784	3	NA	NA	NA	month	-6	
1784	4	NA	NA	NA	month	-6	
1784	5	NA	NA	NA	month	3.8	
1784	6	NA	NA	NA	month	6.3	
1784	7	NA	NA	NA	month	7.9	
1784	8	NA	NA	NA	month	6.5	
1784	9	NA	NA	NA	month	7.4	
1784	10	NA	NA	NA	month	-2.9	
1784	11	NA	NA	NA	month	-5.4	
1784	12	NA	NA	NA	month	-10.4	
1785	1	NA	NA	NA	month	-6.9	
1785	2	NA	NA	NA	month	-12.4	
1785	3	NA	NA	NA	month	-10.7	
1785	4	NA	NA	NA	month	-6.2	
1785	5	NA	NA	NA	month	2.6	
1785	6	NA	NA	NA	month	5.1	
1785	7	NA	NA	NA	month	5.5	
1785	8	NA	NA	NA	month	6.2	
1785	9	NA	NA	NA	month	6.9	
1785	10	NA	NA	NA	month	0	
1785	11	NA	NA	NA	month	-3.9	
1785	12	NA	NA	NA	month	-5.1	
1786	1	NA	NA	NA	month	-7.2	
1786	2	NA	NA	NA	month	-7.9	
1786	3	NA	NA	NA	month	-9	
1786	4	NA	NA	NA	month	-2.1	
1786	5	NA	NA	NA	month	0.8	
1786	6	NA	NA	NA	month	5.8	
1786	7	NA	NA	NA	month	5.3	
1786	8	NA	NA	NA	month	5	
1786	9	NA	NA	NA	month	3	
1786	10	NA	NA	NA	month	-2.5	
1786	11	NA	NA	NA	month	-4	
1786	12	NA	NA	NA	month	-9.3	
1788	1	NA	NA	NA	month	-7.1	
1788	2	NA	NA	NA	month	-6.4	
1788	3	NA	NA	NA	month	-4.2	
1788	4	NA	NA	NA	month	-3.2	
1788	5	NA	NA	NA	month	1.9	
1788	6	NA	NA	NA	month	5.8	
1788	7	NA	NA	NA	month	8.7	
1788	8	NA	NA	NA	month	6.4	
1788	9	NA	NA	NA	month	5.6	
1788	10	NA	NA	NA	month	0.7	
1788	11	NA	NA	NA	month	-5.4	
1788	12	NA	NA	NA	month	-13.1	
1789	1	NA	NA	NA	month	-9.1	
1789	2	NA	NA	NA	month	-8.6	
1789	3	NA	NA	NA	month	-11	
1789	4	NA	NA	NA	month	-1.8	
1789	5	NA	NA	NA	month	4.6	
1789	6	NA	NA	NA	month	2.3	
1789	7	NA	NA	NA	month	6	
1789	8	NA	NA	NA	month	7.6	
1789	9	NA	NA	NA	month	3.8	
1789	10	NA	NA	NA	month	-0.7	
1789	11	NA	NA	NA	month	-7.6	
1789	12	NA	NA	NA	month	-6.7	
1790	1	NA	NA	NA	month	-6.8	
1790	2	NA	NA	NA	month	-5.3	
1790	3	NA	NA	NA	month	-6.8	
1790	4	NA	NA	NA	month	-4.8	
1790	5	NA	NA	NA	month	2.4	
1790	6	NA	NA	NA	month	4.5	
1790	7	NA	NA	NA	month	5.6	
1790	8	NA	NA	NA	month	8.7	
1790	9	NA	NA	NA	month	3.7	
1790	10	NA	NA	NA	month	4.5	
1790	11	NA	NA	NA	month	-2.2	
1790	12	NA	NA	NA	month	-8.4	
1791	1	NA	NA	NA	month	-6.5	
1791	2	NA	NA	NA	month	-9.2	
1791	3	NA	NA	NA	month	-6.4	
1791	4	NA	NA	NA	month	0.7	
1791	5	NA	NA	NA	month	1.1	
1791	6	NA	NA	NA	month	5.6	
1791	7	NA	NA	NA	month	8	
1791	8	NA	NA	NA	month	10.7	
1791	9	NA	NA	NA	month	6.1	
1791	10	NA	NA	NA	month	0.2	
1791	11	NA	NA	NA	month	-4.2	
1791	12	NA	NA	NA	month	-7	
1792	1	NA	NA	NA	month	-8.2	
1792	2	NA	NA	NA	month	-8.5	
1792	3	NA	NA	NA	month	-3.8	
1792	4	NA	NA	NA	month	-0.1	
1792	5	NA	NA	NA	month	1	
1792	6	NA	NA	NA	month	6.4	
1792	7	NA	NA	NA	month	8.6	
1792	8	NA	NA	NA	month	8.9	
1792	9	NA	NA	NA	month	3.3	
1792	10	NA	NA	NA	month	2.7	
1792	11	NA	NA	NA	month	-0.8	
1792	12	NA	NA	NA	month	-6.3	
