SEF	1.0.0
ID	BE09_Gottstatt
Name	Gottstadt
Lat	47.13798
Lon	7.31339
Alt	436
Source	CHIMES
Link	https://doi.org/10.5194/cp-15-1345-2019
Vbl	ta
Stat	mean
Units	C
Meta	Observer=Rudolf Ludwig Fankhauser | Orig.res=subdaily | Diurnal cycle=N
Year	Month	Day	Hour	Minute	Period	Value	Meta
1841	1	NA	NA	NA	month	-1.9	
1841	2	NA	NA	NA	month	0.5	
1841	3	NA	NA	NA	month	6.1	
1841	7	NA	NA	NA	month	16.4	
1841	8	NA	NA	NA	month	16.7	
1841	9	NA	NA	NA	month	15.2	
1841	10	NA	NA	NA	month	10.2	
1841	11	NA	NA	NA	month	5	
1842	1	NA	NA	NA	month	-2.8	
1842	2	NA	NA	NA	month	-2.3	
1842	3	NA	NA	NA	month	5	
1842	5	NA	NA	NA	month	14	
1842	6	NA	NA	NA	month	18.6	
1842	7	NA	NA	NA	month	18.1	
1842	8	NA	NA	NA	month	19.3	
1842	11	NA	NA	NA	month	2.6	
1842	12	NA	NA	NA	month	1.2	
1843	1	NA	NA	NA	month	0.9	
1843	2	NA	NA	NA	month	3.7	
1843	3	NA	NA	NA	month	4.3	
1843	4	NA	NA	NA	month	9.5	
1843	5	NA	NA	NA	month	12.2	
1843	6	NA	NA	NA	month	14.5	
1843	7	NA	NA	NA	month	16.7	
1843	9	NA	NA	NA	month	14.6	
1843	10	NA	NA	NA	month	9.7	
1843	12	NA	NA	NA	month	1.4	
1844	1	NA	NA	NA	month	-1.5	
1844	2	NA	NA	NA	month	0.1	
1844	7	NA	NA	NA	month	17.7	
1844	9	NA	NA	NA	month	15.4	
1844	10	NA	NA	NA	month	10.4	
1844	11	NA	NA	NA	month	5.6	
1844	12	NA	NA	NA	month	-1.3	
1845	1	NA	NA	NA	month	0.4	
1845	2	NA	NA	NA	month	-3.7	
1845	3	NA	NA	NA	month	2	
1845	4	NA	NA	NA	month	9.2	
1845	5	NA	NA	NA	month	10.6	
1845	6	NA	NA	NA	month	17.5	
1845	7	NA	NA	NA	month	18.3	
1845	9	NA	NA	NA	month	15.2	
1845	10	NA	NA	NA	month	10	
1845	11	NA	NA	NA	month	6.5	
1845	12	NA	NA	NA	month	3.2	
1846	1	NA	NA	NA	month	0.2	
1846	2	NA	NA	NA	month	4.7	
1846	3	NA	NA	NA	month	6.4	
1846	4	NA	NA	NA	month	8.9	
1846	5	NA	NA	NA	month	14.5	
1846	6	NA	NA	NA	month	19	
1846	7	NA	NA	NA	month	20	
1846	8	NA	NA	NA	month	19.2	
1846	9	NA	NA	NA	month	16.7	
1846	10	NA	NA	NA	month	10.8	
1846	11	NA	NA	NA	month	4.6	
1846	12	NA	NA	NA	month	-2.5	
1847	1	NA	NA	NA	month	-1.1	
1847	2	NA	NA	NA	month	-0.9	
