SEF	1.0.0
ID	VD01_Vevey
Name	Vevey
Lat	46.46015
Lon	6.84447
Alt	378
Source	CHIMES
Link	https://doi.org/10.5194/cp-15-1345-2019
Vbl	ta
Stat	mean
Units	C
Meta	Observer=Nicod-Delon | Orig.res=subdaily | Diurnal cycle=Y
Year	Month	Day	Hour	Minute	Period	Value	Meta
1805	12	NA	NA	NA	month	1.8	
1806	1	NA	NA	NA	month	4.9	
1806	2	NA	NA	NA	month	5.3	
1806	3	NA	NA	NA	month	6.3	
1806	4	NA	NA	NA	month	8.7	
1806	5	NA	NA	NA	month	17	
1806	11	NA	NA	NA	month	8.1	
1806	12	NA	NA	NA	month	6.2	
1807	1	NA	NA	NA	month	2.2	
1807	2	NA	NA	NA	month	3.7	
1807	3	NA	NA	NA	month	3.6	
1807	4	NA	NA	NA	month	9.6	
1807	5	NA	NA	NA	month	17.8	
1807	6	NA	NA	NA	month	19.6	
1807	11	NA	NA	NA	month	8.1	
1807	12	NA	NA	NA	month	1.1	
1808	1	NA	NA	NA	month	0.7	
1808	2	NA	NA	NA	month	0.1	
1808	3	NA	NA	NA	month	3.3	
1808	4	NA	NA	NA	month	8.4	
1808	5	NA	NA	NA	month	18	
1808	6	NA	NA	NA	month	17.3	
1808	7	NA	NA	NA	month	22.3	
1808	8	NA	NA	NA	month	21.3	
1808	9	NA	NA	NA	month	17.2	
1808	10	NA	NA	NA	month	9.5	
1808	11	NA	NA	NA	month	7.8	
1808	12	NA	NA	NA	month	-0.1	
1809	1	NA	NA	NA	month	3.5	
1809	2	NA	NA	NA	month	5.1	
1809	3	NA	NA	NA	month	6.3	
1809	4	NA	NA	NA	month	6.5	
1809	5	NA	NA	NA	month	15.9	
1809	6	NA	NA	NA	month	18.1	
1809	7	NA	NA	NA	month	19.7	
1809	8	NA	NA	NA	month	20.3	
1809	9	NA	NA	NA	month	15.9	
1809	10	NA	NA	NA	month	10.6	
1809	11	NA	NA	NA	month	4.8	
1809	12	NA	NA	NA	month	3.3	
1810	1	NA	NA	NA	month	-0.8	
1810	2	NA	NA	NA	month	0.2	
1810	3	NA	NA	NA	month	9.8	
1810	4	NA	NA	NA	month	10.9	
1810	5	NA	NA	NA	month	16.8	
1810	6	NA	NA	NA	month	18.8	
1810	7	NA	NA	NA	month	19.1	
1810	8	NA	NA	NA	month	19.7	
1810	9	NA	NA	NA	month	19.4	
1810	10	NA	NA	NA	month	12.8	
1810	12	NA	NA	NA	month	3.9	
1811	1	NA	NA	NA	month	-0.6	
1811	2	NA	NA	NA	month	4.7	
1811	3	NA	NA	NA	month	6.9	
1811	4	NA	NA	NA	month	11.3	
1811	5	NA	NA	NA	month	16.1	
1811	6	NA	NA	NA	month	19.4	
1811	8	NA	NA	NA	month	19	
1811	10	NA	NA	NA	month	13	
1811	11	NA	NA	NA	month	6.3	
1811	12	NA	NA	NA	month	0.9	
1812	1	NA	NA	NA	month	-3.2	
1812	2	NA	NA	NA	month	4.2	
1812	3	NA	NA	NA	month	5.5	
1812	4	NA	NA	NA	month	8	
1812	5	NA	NA	NA	month	15.5	
1812	6	NA	NA	NA	month	17.2	
1812	7	NA	NA	NA	month	18.2	
1812	8	NA	NA	NA	month	18.4	
1812	9	NA	NA	NA	month	14.7	
1812	10	NA	NA	NA	month	10.6	
1812	11	NA	NA	NA	month	4.4	
1812	12	NA	NA	NA	month	0	
1813	1	NA	NA	NA	month	-0.7	
1813	2	NA	NA	NA	month	3.4	
1813	3	NA	NA	NA	month	4.6	
1813	4	NA	NA	NA	month	10.2	
1813	5	NA	NA	NA	month	14.6	
1813	6	NA	NA	NA	month	16.2	
1813	7	NA	NA	NA	month	16.2	
1813	8	NA	NA	NA	month	17.9	
1813	9	NA	NA	NA	month	13.8	
1813	10	NA	NA	NA	month	10.9	
1813	11	NA	NA	NA	month	5.2	
1813	12	NA	NA	NA	month	2.7	
1814	1	NA	NA	NA	month	0.3	
1814	2	NA	NA	NA	month	-1.7	
1814	3	NA	NA	NA	month	4.1	
1814	4	NA	NA	NA	month	11.8	
1814	5	NA	NA	NA	month	13.1	
1814	6	NA	NA	NA	month	17.2	
1814	7	NA	NA	NA	month	19.7	
1814	8	NA	NA	NA	month	18.7	
1814	9	NA	NA	NA	month	14	
1814	10	NA	NA	NA	month	10	
1814	11	NA	NA	NA	month	7.8	
1814	12	NA	NA	NA	month	4.6	
1815	1	NA	NA	NA	month	-1.2	
1815	2	NA	NA	NA	month	5.4	
1815	3	NA	NA	NA	month	8.1	
1815	4	NA	NA	NA	month	11.4	
1815	5	NA	NA	NA	month	16.8	
1815	6	NA	NA	NA	month	16.8	
1815	7	NA	NA	NA	month	18.4	
1815	8	NA	NA	NA	month	17.5	
1815	9	NA	NA	NA	month	17	
1815	10	NA	NA	NA	month	12.1	
1815	11	NA	NA	NA	month	4.3	
1815	12	NA	NA	NA	month	1.1	
1816	1	NA	NA	NA	month	1.1	
1816	2	NA	NA	NA	month	0.5	
1816	3	NA	NA	NA	month	4.5	
1816	4	NA	NA	NA	month	8.8	
1816	5	NA	NA	NA	month	13.4	
1816	6	NA	NA	NA	month	15.6	
1816	7	NA	NA	NA	month	15.9	
1816	8	NA	NA	NA	month	16.4	
1816	9	NA	NA	NA	month	14.8	
1816	10	NA	NA	NA	month	11	
1816	11	NA	NA	NA	month	5.1	
1816	12	NA	NA	NA	month	1.3	
1817	1	NA	NA	NA	month	2.8	
1817	2	NA	NA	NA	month	4.6	
1817	3	NA	NA	NA	month	5.1	
1817	4	NA	NA	NA	month	6.5	
1817	5	NA	NA	NA	month	12	
1817	6	NA	NA	NA	month	18.2	
1817	7	NA	NA	NA	month	17.7	
1817	8	NA	NA	NA	month	17.5	
1817	9	NA	NA	NA	month	16.9	
1817	10	NA	NA	NA	month	8.1	
1817	11	NA	NA	NA	month	6.1	
1817	12	NA	NA	NA	month	1.4	
1818	1	NA	NA	NA	month	2.2	
1818	2	NA	NA	NA	month	3.9	
1818	3	NA	NA	NA	month	5.7	
1818	4	NA	NA	NA	month	10.8	
1818	5	NA	NA	NA	month	13.4	
1818	6	NA	NA	NA	month	18.5	
1818	7	NA	NA	NA	month	19.9	
1818	8	NA	NA	NA	month	18.9	
1818	9	NA	NA	NA	month	14.6	
1818	10	NA	NA	NA	month	10.5	
1818	11	NA	NA	NA	month	8	
1818	12	NA	NA	NA	month	1.5	
1819	1	NA	NA	NA	month	2	
1819	2	NA	NA	NA	month	3.6	
1819	3	NA	NA	NA	month	6.2	
1819	4	NA	NA	NA	month	11.2	
1819	5	NA	NA	NA	month	14.3	
1819	6	NA	NA	NA	month	16.7	
1819	7	NA	NA	NA	month	19.3	
1819	8	NA	NA	NA	month	19.9	
1819	9	NA	NA	NA	month	16	
1819	10	NA	NA	NA	month	10.6	
1819	11	NA	NA	NA	month	6	
1819	12	NA	NA	NA	month	3.4	
1820	1	NA	NA	NA	month	0.1	
1820	2	NA	NA	NA	month	4.2	
1820	3	NA	NA	NA	month	4.4	
1820	4	NA	NA	NA	month	12	
1820	5	NA	NA	NA	month	15.1	
1820	6	NA	NA	NA	month	16.6	
1820	7	NA	NA	NA	month	19.1	
1820	8	NA	NA	NA	month	20.9	
1820	9	NA	NA	NA	month	14.2	
1820	10	NA	NA	NA	month	10.3	
1820	11	NA	NA	NA	month	3.8	
1820	12	NA	NA	NA	month	2.2	
1821	1	NA	NA	NA	month	2.9	
1821	2	NA	NA	NA	month	0.6	
1821	3	NA	NA	NA	month	6.3	
1821	4	NA	NA	NA	month	10.4	
1821	5	NA	NA	NA	month	13.7	
1821	6	NA	NA	NA	month	15.5	
1821	7	NA	NA	NA	month	17.7	
1821	8	NA	NA	NA	month	19.6	
1821	9	NA	NA	NA	month	15.9	
1821	10	NA	NA	NA	month	10.8	
1821	11	NA	NA	NA	month	7.7	
1821	12	NA	NA	NA	month	5.7	
1822	1	NA	NA	NA	month	1.3	
1822	2	NA	NA	NA	month	4.6	
1822	3	NA	NA	NA	month	8.7	
1822	4	NA	NA	NA	month	10.8	
1822	5	NA	NA	NA	month	16.5	
1822	6	NA	NA	NA	month	22.5	
1822	7	NA	NA	NA	month	20.1	
1822	8	NA	NA	NA	month	19.2	
1822	9	NA	NA	NA	month	17.9	
1822	10	NA	NA	NA	month	12.7	
1822	11	NA	NA	NA	month	8.9	
1822	12	NA	NA	NA	month	-0.7	
1823	1	NA	NA	NA	month	0.4	
1823	2	NA	NA	NA	month	4.6	
1823	3	NA	NA	NA	month	5	
1823	4	NA	NA	NA	month	8.5	
1823	5	NA	NA	NA	month	14.5	
1823	6	NA	NA	NA	month	15.2	
1823	7	NA	NA	NA	month	17.8	
1823	8	NA	NA	NA	month	18.8	
1823	9	NA	NA	NA	month	16.8	
1823	10	NA	NA	NA	month	10.2	
1823	11	NA	NA	NA	month	4.2	
1823	12	NA	NA	NA	month	4	
1824	1	NA	NA	NA	month	-0.2	
1824	2	NA	NA	NA	month	3.7	
1824	3	NA	NA	NA	month	4.2	
1824	4	NA	NA	NA	month	8.2	
1824	5	NA	NA	NA	month	13.5	
1824	6	NA	NA	NA	month	15.6	
1824	7	NA	NA	NA	month	20.6	
1824	8	NA	NA	NA	month	19.5	
1824	9	NA	NA	NA	month	16.8	
1824	10	NA	NA	NA	month	11.9	
1824	11	NA	NA	NA	month	8.5	
1824	12	NA	NA	NA	month	5.5	
1825	1	NA	NA	NA	month	0	
1825	2	NA	NA	NA	month	1.7	
1825	3	NA	NA	NA	month	4.3	
1825	4	NA	NA	NA	month	12.6	
1825	5	NA	NA	NA	month	14.3	
1825	6	NA	NA	NA	month	18.1	
1825	7	NA	NA	NA	month	19.7	
1825	8	NA	NA	NA	month	18.8	
1825	9	NA	NA	NA	month	17.5	
1825	10	NA	NA	NA	month	11.3	
1825	11	NA	NA	NA	month	7.6	
1825	12	NA	NA	NA	month	6.2	
1826	1	NA	NA	NA	month	-3.3	
1826	2	NA	NA	NA	month	4.1	
1826	3	NA	NA	NA	month	7	
1826	4	NA	NA	NA	month	10.8	
1826	5	NA	NA	NA	month	13.1	
1826	6	NA	NA	NA	month	17.8	
1826	7	NA	NA	NA	month	20.8	
1826	8	NA	NA	NA	month	21.6	
1826	9	NA	NA	NA	month	17.6	
1826	10	NA	NA	NA	month	12	
1826	11	NA	NA	NA	month	5	
1826	12	NA	NA	NA	month	2.8	
1827	1	NA	NA	NA	month	-0.2	
1827	2	NA	NA	NA	month	-0.9	
1827	3	NA	NA	NA	month	6.1	
1827	4	NA	NA	NA	month	10.9	
1827	5	NA	NA	NA	month	14.8	
1827	6	NA	NA	NA	month	17.8	
1827	7	NA	NA	NA	month	21.9	
1827	8	NA	NA	NA	month	19.5	
1827	9	NA	NA	NA	month	15.6	
1827	10	NA	NA	NA	month	12.1	
1827	11	NA	NA	NA	month	3.7	
1827	12	NA	NA	NA	month	4.3	
1828	1	NA	NA	NA	month	3.6	
1828	2	NA	NA	NA	month	3.1	
1828	3	NA	NA	NA	month	5.9	
1828	4	NA	NA	NA	month	10.1	
1828	5	NA	NA	NA	month	15.5	
1828	6	NA	NA	NA	month	18.7	
1828	7	NA	NA	NA	month	19.5	
1828	8	NA	NA	NA	month	17.5	
1828	9	NA	NA	NA	month	15.8	
1828	10	NA	NA	NA	month	11.2	
1828	11	NA	NA	NA	month	6.3	
1828	12	NA	NA	NA	month	3.7	
1829	1	NA	NA	NA	month	-0.9	
1829	2	NA	NA	NA	month	0.7	
1829	3	NA	NA	NA	month	6.4	
1829	4	NA	NA	NA	month	9.9	
1829	5	NA	NA	NA	month	14.1	
1829	6	NA	NA	NA	month	15.9	
1829	7	NA	NA	NA	month	18.8	
1829	8	NA	NA	NA	month	17.3	
1829	9	NA	NA	NA	month	14.5	
1829	10	NA	NA	NA	month	8.9	
1829	11	NA	NA	NA	month	4.1	
1829	12	NA	NA	NA	month	-1.4	
1830	1	NA	NA	NA	month	-3.5	
1830	2	NA	NA	NA	month	0.2	
1830	3	NA	NA	NA	month	7.5	
1830	4	NA	NA	NA	month	13.2	
1830	5	NA	NA	NA	month	16.1	
1830	6	NA	NA	NA	month	17.2	
1830	7	NA	NA	NA	month	20.6	
1830	8	NA	NA	NA	month	19	
1830	9	NA	NA	NA	month	14.1	
1830	10	NA	NA	NA	month	9.9	
1830	11	NA	NA	NA	month	7.2	
1830	12	NA	NA	NA	month	1.8	
1831	1	NA	NA	NA	month	-1.6	
1831	2	NA	NA	NA	month	2.1	
1831	3	NA	NA	NA	month	6.6	
1831	4	NA	NA	NA	month	10.9	
1831	5	NA	NA	NA	month	14.6	
1831	6	NA	NA	NA	month	18	
1831	7	NA	NA	NA	month	20.1	
1831	8	NA	NA	NA	month	19.4	
1831	9	NA	NA	NA	month	13.9	
1831	10	NA	NA	NA	month	13.1	
1831	11	NA	NA	NA	month	6.2	
1831	12	NA	NA	NA	month	3.5	
1832	1	NA	NA	NA	month	0.8	
1832	2	NA	NA	NA	month	2.2	
1832	3	NA	NA	NA	month	4.7	
1832	4	NA	NA	NA	month	9.1	
1832	5	NA	NA	NA	month	12.2	
1832	6	NA	NA	NA	month	16.2	
1832	7	NA	NA	NA	month	21.4	
1832	8	NA	NA	NA	month	21.6	
1832	9	NA	NA	NA	month	15.1	
1832	10	NA	NA	NA	month	10.5	
1832	11	NA	NA	NA	month	5.9	
1832	12	NA	NA	NA	month	2.3	
1833	1	NA	NA	NA	month	-0.3	
1833	2	NA	NA	NA	month	4.3	
1833	3	NA	NA	NA	month	3.7	
1833	4	NA	NA	NA	month	7	
1833	5	NA	NA	NA	month	17.1	
1833	6	NA	NA	NA	month	18.2	
1833	7	NA	NA	NA	month	17.9	
1833	8	NA	NA	NA	month	17.8	
1833	9	NA	NA	NA	month	13.9	
1833	10	NA	NA	NA	month	11.1	
1833	11	NA	NA	NA	month	5.5	
1833	12	NA	NA	NA	month	5.1	
1834	1	NA	NA	NA	month	5.2	
1834	2	NA	NA	NA	month	3.3	
1834	3	NA	NA	NA	month	5.5	
1834	4	NA	NA	NA	month	7.9	
1834	5	NA	NA	NA	month	16.6	
1834	6	NA	NA	NA	month	19.7	
1834	7	NA	NA	NA	month	21.1	
1834	8	NA	NA	NA	month	20.8	
1834	9	NA	NA	NA	month	19.3	
1834	10	NA	NA	NA	month	11	
1834	11	NA	NA	NA	month	6.6	
1834	12	NA	NA	NA	month	0.6	
1835	1	NA	NA	NA	month	1.3	
1835	2	NA	NA	NA	month	3.7	
1835	3	NA	NA	NA	month	4.3	
1835	4	NA	NA	NA	month	8	
1835	5	NA	NA	NA	month	13.4	
1835	6	NA	NA	NA	month	17.4	
1835	7	NA	NA	NA	month	22	
1835	8	NA	NA	NA	month	19.6	
1835	9	NA	NA	NA	month	15	
1835	10	NA	NA	NA	month	8.2	
1835	11	NA	NA	NA	month	2.8	
1835	12	NA	NA	NA	month	-0.9	
1836	1	NA	NA	NA	month	0.1	
1836	2	NA	NA	NA	month	1	
1836	3	NA	NA	NA	month	6.7	
1836	4	NA	NA	NA	month	7.6	
1836	5	NA	NA	NA	month	11.7	
1836	6	NA	NA	NA	month	17.3	
1836	7	NA	NA	NA	month	21.1	
1836	8	NA	NA	NA	month	20.1	
1836	9	NA	NA	NA	month	14.1	
1836	10	NA	NA	NA	month	10.1	
1836	11	NA	NA	NA	month	4.4	
1836	12	NA	NA	NA	month	1.9	
1837	1	NA	NA	NA	month	0	
1837	2	NA	NA	NA	month	2.7	
1837	3	NA	NA	NA	month	0.9	
1837	4	NA	NA	NA	month	6.3	
1837	5	NA	NA	NA	month	9.8	
1837	6	NA	NA	NA	month	18.7	
1837	7	NA	NA	NA	month	18.5	
1837	8	NA	NA	NA	month	19.9	
1837	9	NA	NA	NA	month	13.2	
1837	10	NA	NA	NA	month	9	
1837	11	NA	NA	NA	month	2.9	
1837	12	NA	NA	NA	month	1.4	
1838	1	NA	NA	NA	month	-2.9	
1838	2	NA	NA	NA	month	0	
1838	3	NA	NA	NA	month	4.1	
1838	4	NA	NA	NA	month	5.1	
1838	5	NA	NA	NA	month	11.7	
1838	6	NA	NA	NA	month	16.1	
1838	7	NA	NA	NA	month	18.9	
1838	8	NA	NA	NA	month	16.5	
1838	9	NA	NA	NA	month	13.8	
1838	10	NA	NA	NA	month	9.5	
1838	11	NA	NA	NA	month	5.5	
1838	12	NA	NA	NA	month	-0.7	
1839	1	NA	NA	NA	month	-1.4	
1839	2	NA	NA	NA	month	0.5	
1839	3	NA	NA	NA	month	3	
1839	4	NA	NA	NA	month	5.4	
1839	5	NA	NA	NA	month	10.7	
1839	6	NA	NA	NA	month	18.3	
1839	7	NA	NA	NA	month	19.1	
1839	8	NA	NA	NA	month	17.1	
1839	9	NA	NA	NA	month	13.9	
1839	10	NA	NA	NA	month	12.2	
1839	11	NA	NA	NA	month	6.8	
1839	12	NA	NA	NA	month	4.4	
1840	1	NA	NA	NA	month	2.3	
1840	2	NA	NA	NA	month	0.9	
1840	3	NA	NA	NA	month	1.3	
1840	4	NA	NA	NA	month	10.4	
1840	5	NA	NA	NA	month	13.5	
1840	6	NA	NA	NA	month	18	
1840	7	NA	NA	NA	month	16.9	
