SEF	1.0.0
ID	SG01_StGallen
Name	St. Gallen
Lat	47.4245
Lon	9.37853
Alt	676
Source	CHIMES
Link	https://doi.org/10.5194/cp-15-1345-2019
Vbl	ta
Stat	mean
Units	C
Meta	Observer=Daniel Meyer,Naturforschende Gesellschaft St. Gallen|QC software=dataresqc v1.0.3 | Orig.res=subdaily | Diurnal cycle=Y
Year	Month	Day	Hour	Minute	Period	Value	Meta
1813	1	NA	NA	NA	month	-5.4	
1813	2	NA	NA	NA	month	3	
1813	3	NA	NA	NA	month	2.6	
1813	4	NA	NA	NA	month	8.9	
1813	5	NA	NA	NA	month	13.5	
1813	6	NA	NA	NA	month	14.2	
1813	7	NA	NA	NA	month	15.2	
1813	8	NA	NA	NA	month	14.9	
1813	9	NA	NA	NA	month	12.1	
1813	10	NA	NA	NA	month	9	
1813	11	NA	NA	NA	month	2.6	
1813	12	NA	NA	NA	month	-0.8	
1814	1	NA	NA	NA	month	-3	
1814	2	NA	NA	NA	month	-4.8	
1814	3	NA	NA	NA	month	1.7	
1814	4	NA	NA	NA	month	10.3	
1814	5	NA	NA	NA	month	11.1	
1814	6	NA	NA	NA	month	14.6	
1814	7	NA	NA	NA	month	17.3	
1814	8	NA	NA	NA	month	16.3	
1814	9	NA	NA	NA	month	11.4	
1814	10	NA	NA	NA	month	7.9	
1814	11	NA	NA	NA	month	5.1	
1814	12	NA	NA	NA	month	2.5	
1815	1	NA	NA	NA	month	-6	
1815	2	NA	NA	NA	month	3.7	
1815	3	NA	NA	NA	month	6.6	
1815	4	NA	NA	NA	month	9.3	
1815	5	NA	NA	NA	month	13.9	
1815	6	NA	NA	NA	month	14.8	
1815	7	NA	NA	NA	month	15.6	
1815	8	NA	NA	NA	month	14.9	
1815	9	NA	NA	NA	month	13.4	
1815	10	NA	NA	NA	month	8.9	
1815	11	NA	NA	NA	month	0	
1815	12	NA	NA	NA	month	-2.2	
1816	1	NA	NA	NA	month	-2.6	
1816	2	NA	NA	NA	month	-2.5	
1816	3	NA	NA	NA	month	1.8	
1816	4	NA	NA	NA	month	7.7	
1816	5	NA	NA	NA	month	11	
1816	6	NA	NA	NA	month	13.4	
1816	7	NA	NA	NA	month	14.4	
1816	8	NA	NA	NA	month	14.2	
1816	9	NA	NA	NA	month	12.4	
1816	10	NA	NA	NA	month	9.2	
1816	11	NA	NA	NA	month	1.6	
1816	12	NA	NA	NA	month	-1.2	
1817	1	NA	NA	NA	month	0.7	
1817	2	NA	NA	NA	month	1.6	
1817	3	NA	NA	NA	month	1.8	
1817	4	NA	NA	NA	month	1.9	
1817	5	NA	NA	NA	month	10.3	
1817	6	NA	NA	NA	month	16.2	
1817	7	NA	NA	NA	month	15.7	
1817	8	NA	NA	NA	month	15.5	
1817	9	NA	NA	NA	month	15.2	
1817	10	NA	NA	NA	month	4.4	
1817	11	NA	NA	NA	month	4	
1817	12	NA	NA	NA	month	-1.7	
1818	1	NA	NA	NA	month	-0.4	
1818	2	NA	NA	NA	month	0.5	
1818	3	NA	NA	NA	month	3	
1818	4	NA	NA	NA	month	9.4	
1818	5	NA	NA	NA	month	11.7	
1818	6	NA	NA	NA	month	16.6	
1818	7	NA	NA	NA	month	17.6	
1818	8	NA	NA	NA	month	15.9	
1818	9	NA	NA	NA	month	12.9	
1818	10	NA	NA	NA	month	7.9	
1818	11	NA	NA	NA	month	5.6	
1818	12	NA	NA	NA	month	-3	
1819	1	NA	NA	NA	month	-0.9	
1819	2	NA	NA	NA	month	0.5	
1819	3	NA	NA	NA	month	3.6	
1819	4	NA	NA	NA	month	9.2	
1819	5	NA	NA	NA	month	13	
1819	6	NA	NA	NA	month	14.7	
1819	7	NA	NA	NA	month	17.7	
1819	8	NA	NA	NA	month	16.6	
1819	9	NA	NA	NA	month	13.7	
1819	10	NA	NA	NA	month	7.8	
1819	11	NA	NA	NA	month	1.6	
1819	12	NA	NA	NA	month	-0.6	
1820	1	NA	NA	NA	month	-4.5	
1820	2	NA	NA	NA	month	0.4	
1820	3	NA	NA	NA	month	1	
1820	4	NA	NA	NA	month	9.4	
1820	5	NA	NA	NA	month	13	
1820	6	NA	NA	NA	month	13	
1820	7	NA	NA	NA	month	16.9	
1820	8	NA	NA	NA	month	19.1	
1820	9	NA	NA	NA	month	11.6	
1820	10	NA	NA	NA	month	7.4	
1820	11	NA	NA	NA	month	0	
1820	12	NA	NA	NA	month	-2	
1821	1	NA	NA	NA	month	-0.7	
1821	2	NA	NA	NA	month	-3.1	
1821	3	NA	NA	NA	month	3.6	
1821	4	NA	NA	NA	month	8.9	
1821	5	NA	NA	NA	month	10.2	
1821	6	NA	NA	NA	month	12.2	
1821	7	NA	NA	NA	month	15	
1821	8	NA	NA	NA	month	17.6	
1821	9	NA	NA	NA	month	13.6	
1821	10	NA	NA	NA	month	7.4	
1821	11	NA	NA	NA	month	5.7	
1821	12	NA	NA	NA	month	3.2	
1822	1	NA	NA	NA	month	-1.7	
1822	2	NA	NA	NA	month	1.4	
1822	3	NA	NA	NA	month	7.6	
1822	4	NA	NA	NA	month	8.5	
1822	5	NA	NA	NA	month	14.9	
1822	6	NA	NA	NA	month	20.3	
1822	7	NA	NA	NA	month	17.9	
1822	8	NA	NA	NA	month	16.5	
1822	9	NA	NA	NA	month	14	
1822	10	NA	NA	NA	month	10.7	
1822	11	NA	NA	NA	month	6.3	
1822	12	NA	NA	NA	month	-4.4	
1823	1	NA	NA	NA	month	-4.6	
1823	2	NA	NA	NA	month	1.2	
1823	3	NA	NA	NA	month	2.2	
1823	4	NA	NA	NA	month	6.5	
1823	5	NA	NA	NA	month	13.6	
1823	6	NA	NA	NA	month	13.9	
1823	7	NA	NA	NA	month	15.9	
1823	8	NA	NA	NA	month	17.4	
1823	9	NA	NA	NA	month	14.4	
1823	10	NA	NA	NA	month	7.6	
1823	11	NA	NA	NA	month	1.2	
1823	12	NA	NA	NA	month	1.2	
1824	1	NA	NA	NA	month	-3.8	
1824	2	NA	NA	NA	month	1.1	
1824	3	NA	NA	NA	month	1.3	
1824	4	NA	NA	NA	month	5.4	
1824	5	NA	NA	NA	month	11.7	
1824	6	NA	NA	NA	month	14.1	
1824	7	NA	NA	NA	month	18.5	
1824	8	NA	NA	NA	month	16.4	
1824	9	NA	NA	NA	month	14.9	
1824	10	NA	NA	NA	month	8.4	
1824	11	NA	NA	NA	month	5.2	
1824	12	NA	NA	NA	month	3.1	
1825	1	NA	NA	NA	month	-2.7	
1825	2	NA	NA	NA	month	-1.7	
1825	3	NA	NA	NA	month	1	
1825	4	NA	NA	NA	month	10.3	
1825	5	NA	NA	NA	month	12.5	
1825	6	NA	NA	NA	month	14.9	
1825	7	NA	NA	NA	month	16.9	
1825	8	NA	NA	NA	month	17	
1825	9	NA	NA	NA	month	14.4	
1825	10	NA	NA	NA	month	7.9	
1825	11	NA	NA	NA	month	4.3	
1825	12	NA	NA	NA	month	4.2	
1826	1	NA	NA	NA	month	-7.5	
1826	2	NA	NA	NA	month	1.2	
1826	3	NA	NA	NA	month	4.3	
1826	4	NA	NA	NA	month	7.4	
1826	5	NA	NA	NA	month	10.2	
1826	6	NA	NA	NA	month	14.8	
1826	7	NA	NA	NA	month	18	
1826	8	NA	NA	NA	month	19.1	
1826	9	NA	NA	NA	month	15.2	
1826	10	NA	NA	NA	month	9.8	
1826	11	NA	NA	NA	month	1.5	
1826	12	NA	NA	NA	month	-0.4	
1827	1	NA	NA	NA	month	-2.8	
1827	2	NA	NA	NA	month	-4.2	
1827	3	NA	NA	NA	month	4.9	
1827	4	NA	NA	NA	month	9.1	
1827	5	NA	NA	NA	month	14.3	
1827	6	NA	NA	NA	month	15.6	
1827	7	NA	NA	NA	month	20	
1827	8	NA	NA	NA	month	16	
1827	9	NA	NA	NA	month	13.4	
1827	10	NA	NA	NA	month	9.5	
1827	11	NA	NA	NA	month	0.1	
1827	12	NA	NA	NA	month	3.7	
1828	1	NA	NA	NA	month	1.6	
1828	2	NA	NA	NA	month	1.1	
1828	3	NA	NA	NA	month	3.7	
1828	4	NA	NA	NA	month	8.1	
1828	5	NA	NA	NA	month	14	
1828	6	NA	NA	NA	month	16.4	
1828	7	NA	NA	NA	month	18.3	
1828	8	NA	NA	NA	month	15.7	
1828	9	NA	NA	NA	month	14.1	
1828	10	NA	NA	NA	month	7.7	
1828	11	NA	NA	NA	month	4.1	
1828	12	NA	NA	NA	month	1.1	
1829	1	NA	NA	NA	month	-4.7	
1829	2	NA	NA	NA	month	-2	
1829	3	NA	NA	NA	month	3	
1829	4	NA	NA	NA	month	8.3	
1829	5	NA	NA	NA	month	12.4	
1829	6	NA	NA	NA	month	14.3	
1829	7	NA	NA	NA	month	17.7	
1829	8	NA	NA	NA	month	15.5	
1829	9	NA	NA	NA	month	12.1	
1829	10	NA	NA	NA	month	6.3	
1829	11	NA	NA	NA	month	0.5	
1829	12	NA	NA	NA	month	-5.9	
1830	1	NA	NA	NA	month	-8.3	
1830	2	NA	NA	NA	month	-3.1	
1830	3	NA	NA	NA	month	5.4	
1830	4	NA	NA	NA	month	10.5	
1830	5	NA	NA	NA	month	13.7	
1830	6	NA	NA	NA	month	15.4	
1830	7	NA	NA	NA	month	18.8	
1830	8	NA	NA	NA	month	17.3	
1830	9	NA	NA	NA	month	11.5	
1830	10	NA	NA	NA	month	7.9	
1830	11	NA	NA	NA	month	4.7	
1830	12	NA	NA	NA	month	-0.5	
1831	1	NA	NA	NA	month	-3.2	
1831	2	NA	NA	NA	month	1.5	
1831	3	NA	NA	NA	month	5	
1831	4	NA	NA	NA	month	10.2	
1831	5	NA	NA	NA	month	12.6	
1831	6	NA	NA	NA	month	15.1	
1831	7	NA	NA	NA	month	18.4	
1831	8	NA	NA	NA	month	17.5	
1831	9	NA	NA	NA	month	12.2	
1831	10	NA	NA	NA	month	12.2	
1831	11	NA	NA	NA	month	3.4	
1831	12	NA	NA	NA	month	0.5	
1832	1	NA	NA	NA	month	-2.8	
1832	2	NA	NA	NA	month	-0.5	
1832	3	NA	NA	NA	month	2.9	
1832	4	NA	NA	NA	month	8.6	
1832	5	NA	NA	NA	month	11.2	
1832	6	NA	NA	NA	month	15.4	
1832	7	NA	NA	NA	month	18.7	
1832	8	NA	NA	NA	month	19.6	
1832	9	NA	NA	NA	month	13.6	
1832	10	NA	NA	NA	month	8.2	
1832	11	NA	NA	NA	month	2.4	
1832	12	NA	NA	NA	month	-0.2	
1833	1	NA	NA	NA	month	-2.5	
1833	2	NA	NA	NA	month	5.2	
1833	3	NA	NA	NA	month	4.5	
1833	4	NA	NA	NA	month	6.5	
1833	5	NA	NA	NA	month	16	
1833	6	NA	NA	NA	month	16.7	
1833	7	NA	NA	NA	month	15.7	
1833	8	NA	NA	NA	month	14.5	
1833	9	NA	NA	NA	month	12.8	
1833	10	NA	NA	NA	month	9.1	
1833	11	NA	NA	NA	month	4.3	
1833	12	NA	NA	NA	month	4.9	
1834	1	NA	NA	NA	month	5.5	
1834	2	NA	NA	NA	month	2.4	
1834	3	NA	NA	NA	month	4.8	
1834	5	NA	NA	NA	month	16	
1834	6	NA	NA	NA	month	18.4	
1834	7	NA	NA	NA	month	20.3	
1834	8	NA	NA	NA	month	18.4	
1834	9	NA	NA	NA	month	16.8	
1834	10	NA	NA	NA	month	9	
1834	11	NA	NA	NA	month	5.3	
1834	12	NA	NA	NA	month	0.4	
1835	1	NA	NA	NA	month	1.2	
1835	2	NA	NA	NA	month	3.7	
1835	3	NA	NA	NA	month	4.5	
1835	4	NA	NA	NA	month	7.9	
1835	6	NA	NA	NA	month	16.1	
1835	7	NA	NA	NA	month	20	
1835	8	NA	NA	NA	month	17.3	
1835	9	NA	NA	NA	month	14.2	
1835	10	NA	NA	NA	month	8.2	
1835	11	NA	NA	NA	month	2.5	
1835	12	NA	NA	NA	month	-1.4	
1836	1	NA	NA	NA	month	0.4	
1836	2	NA	NA	NA	month	2.1	
1836	3	NA	NA	NA	month	8.6	
1836	4	NA	NA	NA	month	7.6	
1836	5	NA	NA	NA	month	10.5	
1836	6	NA	NA	NA	month	16.8	
1836	7	NA	NA	NA	month	18.8	
1836	8	NA	NA	NA	month	18.2	
1836	9	NA	NA	NA	month	12.9	
1836	10	NA	NA	NA	month	9.9	
1836	11	NA	NA	NA	month	2.6	
1836	12	NA	NA	NA	month	5.5	
1837	1	NA	NA	NA	month	0.5	
1837	2	NA	NA	NA	month	2.1	
1837	3	NA	NA	NA	month	2.4	
1837	4	NA	NA	NA	month	7.1	
1837	5	NA	NA	NA	month	10	
1837	6	NA	NA	NA	month	17.9	
1837	7	NA	NA	NA	month	17.3	
1837	8	NA	NA	NA	month	19.8	
1837	9	NA	NA	NA	month	11.2	
1837	10	NA	NA	NA	month	8.6	
1837	11	NA	NA	NA	month	3.9	
1837	12	NA	NA	NA	month	2	
1838	1	NA	NA	NA	month	-3.7	
1838	2	NA	NA	NA	month	0.7	
1838	3	NA	NA	NA	month	4.5	
1838	4	NA	NA	NA	month	5	
1838	5	NA	NA	NA	month	12.9	
1838	6	NA	NA	NA	month	16.1	
1838	7	NA	NA	NA	month	17.4	
1838	8	NA	NA	NA	month	16.1	
1838	9	NA	NA	NA	month	14.7	
1838	10	NA	NA	NA	month	9.1	
1838	11	NA	NA	NA	month	5.9	
1838	12	NA	NA	NA	month	-0.9	
1839	1	NA	NA	NA	month	-1.5	
1839	2	NA	NA	NA	month	1	
1839	3	NA	NA	NA	month	2.2	
1839	4	NA	NA	NA	month	4.7	
1839	5	NA	NA	NA	month	12.3	
1839	6	NA	NA	NA	month	20.1	
1839	7	NA	NA	NA	month	20.5	
1839	8	NA	NA	NA	month	16.3	
1839	9	NA	NA	NA	month	15.3	
1839	10	NA	NA	NA	month	10.8	
1839	11	NA	NA	NA	month	6.2	
1839	12	NA	NA	NA	month	3.2	
1840	1	NA	NA	NA	month	0.6	
1840	2	NA	NA	NA	month	-1.1	
1840	3	NA	NA	NA	month	-0.9	
1840	4	NA	NA	NA	month	10	
1840	5	NA	NA	NA	month	13.2	
1840	6	NA	NA	NA	month	17.3	
1840	7	NA	NA	NA	month	16.4	
1840	8	NA	NA	NA	month	18.5	
1840	9	NA	NA	NA	month	14.2	
1840	10	NA	NA	NA	month	6.5	
1840	11	NA	NA	NA	month	5.8	
1840	12	NA	NA	NA	month	-5.8	
1841	1	NA	NA	NA	month	-1.3	
1841	2	NA	NA	NA	month	-0.1	
1841	3	NA	NA	NA	month	5.8	
1841	4	NA	NA	NA	month	7.7	
1841	5	NA	NA	NA	month	16.9	
1841	6	NA	NA	NA	month	13.6	
1841	7	NA	NA	NA	month	15.5	
1841	8	NA	NA	NA	month	15.8	
1841	9	NA	NA	NA	month	14.6	
1841	10	NA	NA	NA	month	9.2	
1841	11	NA	NA	NA	month	3.4	
1841	12	NA	NA	NA	month	1.9	
1842	1	NA	NA	NA	month	-5.1	
1842	2	NA	NA	NA	month	-2	
1842	3	NA	NA	NA	month	3.3	
1842	4	NA	NA	NA	month	6.4	
1842	5	NA	NA	NA	month	12.8	
1842	6	NA	NA	NA	month	17.9	
1842	7	NA	NA	NA	month	17.3	
1842	8	NA	NA	NA	month	19.2	
1842	9	NA	NA	NA	month	12	
1842	10	NA	NA	NA	month	4.3	
1842	11	NA	NA	NA	month	1.2	
1842	12	NA	NA	NA	month	-0.2	
1843	1	NA	NA	NA	month	-1	
1843	2	NA	NA	NA	month	2.1	
1843	3	NA	NA	NA	month	2.5	
1843	4	NA	NA	NA	month	7.3	
1843	5	NA	NA	NA	month	9.9	
1843	6	NA	NA	NA	month	12.9	
1843	7	NA	NA	NA	month	15.7	
1843	8	NA	NA	NA	month	17.2	
1843	9	NA	NA	NA	month	13.5	
1843	10	NA	NA	NA	month	8.3	
1843	11	NA	NA	NA	month	3.8	
1843	12	NA	NA	NA	month	-0.7	
1844	1	NA	NA	NA	month	-3.2	
1844	2	NA	NA	NA	month	-1.6	
1844	3	NA	NA	NA	month	1.8	
1844	4	NA	NA	NA	month	9.2	
1844	5	NA	NA	NA	month	10.7	
1844	6	NA	NA	NA	month	17.7	
1844	7	NA	NA	NA	month	16.2	
1844	8	NA	NA	NA	month	14.3	
1844	9	NA	NA	NA	month	14.3	
1844	10	NA	NA	NA	month	9	
1844	11	NA	NA	NA	month	4.4	
1844	12	NA	NA	NA	month	-2.7	
1845	1	NA	NA	NA	month	-1.4	
1845	2	NA	NA	NA	month	-4.3	
1845	3	NA	NA	NA	month	-0.1	
1845	4	NA	NA	NA	month	7.8	
1845	5	NA	NA	NA	month	8.9	
1845	6	NA	NA	NA	month	16.8	
1845	7	NA	NA	NA	month	17.9	
1845	8	NA	NA	NA	month	14.2	
1845	9	NA	NA	NA	month	13.6	
1845	10	NA	NA	NA	month	8.5	
1845	11	NA	NA	NA	month	5.8	
1845	12	NA	NA	NA	month	2.3	
1846	1	NA	NA	NA	month	-0.5	
1846	2	NA	NA	NA	month	3.1	
1846	3	NA	NA	NA	month	5.4	
1846	4	NA	NA	NA	month	8	
1846	5	NA	NA	NA	month	13.3	
1846	6	NA	NA	NA	month	19	
1846	7	NA	NA	NA	month	19.7	
1846	8	NA	NA	NA	month	18.5	
1846	9	NA	NA	NA	month	14.7	
1846	10	NA	NA	NA	month	9.4	
1846	11	NA	NA	NA	month	3.7	
1846	12	NA	NA	NA	month	-3.4	
1847	1	NA	NA	NA	month	-0.5	
1847	2	NA	NA	NA	month	-1.9	
1847	3	NA	NA	NA	month	2.2	
1847	4	NA	NA	NA	month	4.7	
1847	5	NA	NA	NA	month	15	
1847	6	NA	NA	NA	month	12.2	
1847	7	NA	NA	NA	month	17.9	
1847	8	NA	NA	NA	month	17.1	
1847	9	NA	NA	NA	month	10.6	
1847	10	NA	NA	NA	month	7.3	
1847	11	NA	NA	NA	month	2.2	
1847	12	NA	NA	NA	month	-3.7	
1848	1	NA	NA	NA	month	-8.4	
1848	2	NA	NA	NA	month	1	
1848	3	NA	NA	NA	month	3.3	
1848	4	NA	NA	NA	month	7.6	
1848	5	NA	NA	NA	month	12.2	
1848	6	NA	NA	NA	month	17	
1848	7	NA	NA	NA	month	17.9	
1848	8	NA	NA	NA	month	16.8	
1848	9	NA	NA	NA	month	12.2	
1848	10	NA	NA	NA	month	7.8	
1848	11	NA	NA	NA	month	0.7	
1848	12	NA	NA	NA	month	-0.3	
1849	1	NA	NA	NA	month	0.4	
1849	2	NA	NA	NA	month	1.7	
1849	3	NA	NA	NA	month	1.9	
1849	4	NA	NA	NA	month	5.8	
1849	5	NA	NA	NA	month	12.8	
1849	6	NA	NA	NA	month	18.4	
1849	7	NA	NA	NA	month	19	
1849	8	NA	NA	NA	month	16.6	
1849	9	NA	NA	NA	month	13.4	
1849	10	NA	NA	NA	month	8.3	
1849	11	NA	NA	NA	month	0.6	
1849	12	NA	NA	NA	month	-2.3	
1850	1	NA	NA	NA	month	-4.1	
1850	2	NA	NA	NA	month	2.3	
1850	3	NA	NA	NA	month	1.4	
1850	4	NA	NA	NA	month	7.4	
1850	5	NA	NA	NA	month	10.2	
1850	6	NA	NA	NA	month	15.2	
1850	7	NA	NA	NA	month	18.6	
1850	8	NA	NA	NA	month	15.9	
1850	9	NA	NA	NA	month	10.4	
1850	10	NA	NA	NA	month	5.8	
1850	11	NA	NA	NA	month	4.4	
1850	12	NA	NA	NA	month	-1.3	
1851	1	NA	NA	NA	month	-0.3	
1851	2	NA	NA	NA	month	-1	
1851	3	NA	NA	NA	month	0.7	
1851	4	NA	NA	NA	month	5.6	
1851	5	NA	NA	NA	month	6.3	
1851	6	NA	NA	NA	month	13.1	
1851	7	NA	NA	NA	month	15.5	
1851	8	NA	NA	NA	month	15.8	
1851	9	NA	NA	NA	month	9.3	
1851	10	NA	NA	NA	month	8.5	
1851	11	NA	NA	NA	month	-0.5	
1851	12	NA	NA	NA	month	-2.2	
1852	1	NA	NA	NA	month	1.3	
1852	2	NA	NA	NA	month	0.7	
1852	3	NA	NA	NA	month	-0.3	
1852	4	NA	NA	NA	month	3.4	
1852	5	NA	NA	NA	month	10.3	
1852	6	NA	NA	NA	month	16.8	
1852	7	NA	NA	NA	month	20	
1852	8	NA	NA	NA	month	17.1	
1852	9	NA	NA	NA	month	15.1	
1852	10	NA	NA	NA	month	11.3	
1852	11	NA	NA	NA	month	12.6	
1852	12	NA	NA	NA	month	8.9	
1853	1	NA	NA	NA	month	3.6	
1853	2	NA	NA	NA	month	-1	
1853	3	NA	NA	NA	month	-0.6	
1853	4	NA	NA	NA	month	4.7	
1853	5	NA	NA	NA	month	8.1	
