SEF	1.0.0
ID	LU01_Luzern_Schwytzer
Name	Luzern
Lat	47.05242
Lon	8.30593
Alt	439
Source	CHIMES
Link	https://doi.org/10.5194/cp-15-1345-2019
Vbl	ta
Stat	mean
Units	C
Meta	Observer=Franz Xaver Schwytzer|QC software=dataresqc v1.0.3 | Orig.res=subdaily | Diurnal cycle=Y
Year	Month	Day	Hour	Minute	Period	Value	Meta
1844	3	NA	NA	NA	month	3.9	
1844	6	NA	NA	NA	month	17.8	
1844	9	NA	NA	NA	month	15.5	
1844	10	NA	NA	NA	month	10.2	
1844	11	NA	NA	NA	month	6	
1845	2	NA	NA	NA	month	-2	
1850	5	NA	NA	NA	month	10	
1851	2	NA	NA	NA	month	3.8	
1851	3	NA	NA	NA	month	4.5	
1851	4	NA	NA	NA	month	9.3	
1851	5	NA	NA	NA	month	10.3	
1851	11	NA	NA	NA	month	0.6	
1852	1	NA	NA	NA	month	0.6	
1852	2	NA	NA	NA	month	2	
1852	3	NA	NA	NA	month	1.3	
1852	4	NA	NA	NA	month	5.2	
1852	11	NA	NA	NA	month	8.2	
1852	12	NA	NA	NA	month	4.2	
1853	1	NA	NA	NA	month	2.7	
1853	2	NA	NA	NA	month	0.1	
1853	3	NA	NA	NA	month	-0.1	
1853	4	NA	NA	NA	month	6	
1854	5	NA	NA	NA	month	12.8	
1854	6	NA	NA	NA	month	15.3	
1854	7	NA	NA	NA	month	17.5	
1854	8	NA	NA	NA	month	14.6	
1854	9	NA	NA	NA	month	11.8	
1854	10	NA	NA	NA	month	6.8	
1854	11	NA	NA	NA	month	-0.5	
1854	12	NA	NA	NA	month	-0.2	
1855	1	NA	NA	NA	month	-5	
1855	2	NA	NA	NA	month	-2.4	
1855	3	NA	NA	NA	month	0.5	
1855	4	NA	NA	NA	month	4.4	
1855	5	NA	NA	NA	month	11	
1855	6	NA	NA	NA	month	16.2	
1855	10	NA	NA	NA	month	12.4	
1855	11	NA	NA	NA	month	5.3	
1855	12	NA	NA	NA	month	-1	
1856	1	NA	NA	NA	month	2.4	
1856	2	NA	NA	NA	month	2.7	
1856	3	NA	NA	NA	month	4.6	
1856	4	NA	NA	NA	month	10.1	
1856	5	NA	NA	NA	month	11.5	
1856	6	NA	NA	NA	month	17.3	
1856	7	NA	NA	NA	month	17.2	
1856	10	NA	NA	NA	month	11.6	
1856	11	NA	NA	NA	month	3.8	
1856	12	NA	NA	NA	month	1.6	
1857	1	NA	NA	NA	month	-0.1	
1857	2	NA	NA	NA	month	0.2	
1857	3	NA	NA	NA	month	4.1	
1857	4	NA	NA	NA	month	8.4	
1857	5	NA	NA	NA	month	14.2	
1857	6	NA	NA	NA	month	16.3	
1857	7	NA	NA	NA	month	18.7	
1857	8	NA	NA	NA	month	18.1	
1857	9	NA	NA	NA	month	15.3	
1857	10	NA	NA	NA	month	12.4	
1857	11	NA	NA	NA	month	5.5	
1857	12	NA	NA	NA	month	1.3	
1858	1	NA	NA	NA	month	-2.5	
1858	2	NA	NA	NA	month	-0.1	
1858	3	NA	NA	NA	month	3.8	
1858	4	NA	NA	NA	month	11.5	
1858	5	NA	NA	NA	month	12.7	
1858	6	NA	NA	NA	month	19.7	
1858	7	NA	NA	NA	month	16.2	
1858	8	NA	NA	NA	month	16.4	
1858	9	NA	NA	NA	month	17	
1858	10	NA	NA	NA	month	10.3	
1858	11	NA	NA	NA	month	1.8	
1858	12	NA	NA	NA	month	2.1	
1859	1	NA	NA	NA	month	-0.4	
1859	2	NA	NA	NA	month	2.9	
1859	3	NA	NA	NA	month	6.4	
1859	4	NA	NA	NA	month	8.1	
1859	5	NA	NA	NA	month	13.2	
1859	6	NA	NA	NA	month	17.2	
1859	8	NA	NA	NA	month	19.3	
1859	9	NA	NA	NA	month	14.5	
1859	10	NA	NA	NA	month	11.5	
1859	11	NA	NA	NA	month	4.5	
1859	12	NA	NA	NA	month	-1.6	
1860	1	NA	NA	NA	month	3.5	
1860	2	NA	NA	NA	month	-1.4	
1860	3	NA	NA	NA	month	2.3	
1860	4	NA	NA	NA	month	7.5	
1860	5	NA	NA	NA	month	14.1	
1860	6	NA	NA	NA	month	16	
1860	8	NA	NA	NA	month	16.4	
1860	9	NA	NA	NA	month	13.4	
1860	10	NA	NA	NA	month	9.3	
1860	11	NA	NA	NA	month	3.5	
1860	12	NA	NA	NA	month	2.3	
1861	1	NA	NA	NA	month	-2.4	
1861	2	NA	NA	NA	month	3.7	
1861	3	NA	NA	NA	month	6.3	
1861	4	NA	NA	NA	month	8.6	
1861	5	NA	NA	NA	month	11.9	
1861	6	NA	NA	NA	month	18.1	
1861	7	NA	NA	NA	month	18.8	
1861	8	NA	NA	NA	month	21	
1861	9	NA	NA	NA	month	16	
1861	10	NA	NA	NA	month	12.5	
1861	11	NA	NA	NA	month	6.2	
1861	12	NA	NA	NA	month	1.2	
1862	1	NA	NA	NA	month	1.6	
1862	2	NA	NA	NA	month	3.1	
1862	3	NA	NA	NA	month	7.8	
1862	4	NA	NA	NA	month	12.4	
1862	6	NA	NA	NA	month	17.8	
1862	7	NA	NA	NA	month	21.1	
1862	8	NA	NA	NA	month	18.3	
1862	11	NA	NA	NA	month	6.3	
1862	12	NA	NA	NA	month	2.6	
1863	1	NA	NA	NA	month	3.3	
1863	2	NA	NA	NA	month	2.9	
1863	3	NA	NA	NA	month	6.4	
1863	4	NA	NA	NA	month	11.5	
1863	5	NA	NA	NA	month	15.2	
1863	11	NA	NA	NA	month	6.9	
1863	12	NA	NA	NA	month	2.9	
1864	1	NA	NA	NA	month	-3.2	
1864	2	NA	NA	NA	month	0.4	
1864	3	NA	NA	NA	month	6.6	
1864	4	NA	NA	NA	month	9.5	
1864	5	NA	NA	NA	month	14.1	
1864	6	NA	NA	NA	month	15.7	
1864	11	NA	NA	NA	month	5.3	
1864	12	NA	NA	NA	month	-1.2	
