SEF	1.0.0
ID	BE04_Beatenberg
Name	Beatenberg
Lat	46.698
Lon	7.794
Alt	1150
Source	CHIMES
Link	https://doi.org/10.5194/cp-15-1345-2019
Vbl	ta
Stat	mean
Units	C
Meta	Observer=Rudolf Krähenbühl | Orig.res=subdaily | Diurnal cycle=Y
Year	Month	Day	Hour	Minute	Period	Value	Meta
1860	7	NA	NA	NA	month	11.7	
1860	8	NA	NA	NA	month	12.4	
1860	9	NA	NA	NA	month	10	
1860	10	NA	NA	NA	month	7	
1860	11	NA	NA	NA	month	0.9	
1860	12	NA	NA	NA	month	-0.9	
1861	1	NA	NA	NA	month	-1.5	
1861	2	NA	NA	NA	month	2.2	
1861	3	NA	NA	NA	month	1.7	
1861	4	NA	NA	NA	month	5	
1861	5	NA	NA	NA	month	9	
1861	6	NA	NA	NA	month	12.7	
1861	7	NA	NA	NA	month	13.5	
1861	8	NA	NA	NA	month	16.6	
1861	9	NA	NA	NA	month	11.6	
1861	10	NA	NA	NA	month	9.8	
1861	11	NA	NA	NA	month	3.2	
1861	12	NA	NA	NA	month	-0.2	
1862	1	NA	NA	NA	month	-2.1	
1862	2	NA	NA	NA	month	-0.3	
1862	3	NA	NA	NA	month	5.4	
1862	4	NA	NA	NA	month	8.5	
1862	5	NA	NA	NA	month	11	
1862	6	NA	NA	NA	month	11.1	
1862	7	NA	NA	NA	month	15.3	
1862	8	NA	NA	NA	month	13.3	
1862	9	NA	NA	NA	month	12	
1862	10	NA	NA	NA	month	9.1	
1862	11	NA	NA	NA	month	2.6	
1862	12	NA	NA	NA	month	0.2	
1863	1	NA	NA	NA	month	0.4	
1863	2	NA	NA	NA	month	0	
1863	3	NA	NA	NA	month	1.5	
1863	4	NA	NA	NA	month	7	
1863	5	NA	NA	NA	month	10.7	
1863	6	NA	NA	NA	month	12.5	
1863	7	NA	NA	NA	month	14.4	
1863	8	NA	NA	NA	month	16	
1863	9	NA	NA	NA	month	10.6	
1863	10	NA	NA	NA	month	9.2	
1863	11	NA	NA	NA	month	2.8	
