SEF	1.0.0
ID	FR01_Fribourg
Name	Fribourg
Lat	46.807
Lon	7.158
Alt	627
Source	CHIMES
Link	https://doi.org/10.5194/cp-15-1345-2019
Vbl	ta
Stat	mean
Units	C
Meta	Observer=Jean Baptiste Wiere|QC software=dataresqc v1.0.3 | Orig.res=subdaily | Diurnal cycle=Y
Year	Month	Day	Hour	Minute	Period	Value	Meta
1829	1	NA	NA	NA	month	-5	
1829	2	NA	NA	NA	month	-2.6	
1829	3	NA	NA	NA	month	2.9	
1829	4	NA	NA	NA	month	7.3	
1829	5	NA	NA	NA	month	12.1	
1829	6	NA	NA	NA	month	14.1	
1829	7	NA	NA	NA	month	17.2	
1829	8	NA	NA	NA	month	14.5	
1829	9	NA	NA	NA	month	11.1	
1829	10	NA	NA	NA	month	5.6	
1829	11	NA	NA	NA	month	0.1	
1829	12	NA	NA	NA	month	-5.9	
1830	1	NA	NA	NA	month	-8.6	
1830	2	NA	NA	NA	month	-3.2	
1830	3	NA	NA	NA	month	5.3	
1830	4	NA	NA	NA	month	9.7	
1830	5	NA	NA	NA	month	12.6	
1830	6	NA	NA	NA	month	14.2	
1830	7	NA	NA	NA	month	18.1	
1830	8	NA	NA	NA	month	16.6	
1830	9	NA	NA	NA	month	10.7	
1830	10	NA	NA	NA	month	7	
1830	11	NA	NA	NA	month	3.4	
1830	12	NA	NA	NA	month	-2.1	
1831	1	NA	NA	NA	month	-4.8	
1831	2	NA	NA	NA	month	0.2	
1831	3	NA	NA	NA	month	4.8	
1831	4	NA	NA	NA	month	8.8	
1831	5	NA	NA	NA	month	11.9	
1831	6	NA	NA	NA	month	15.1	
1831	7	NA	NA	NA	month	17.4	
1831	8	NA	NA	NA	month	16.7	
1831	9	NA	NA	NA	month	11.6	
1831	10	NA	NA	NA	month	10.7	
1831	11	NA	NA	NA	month	3.1	
1831	12	NA	NA	NA	month	0.1	
1832	1	NA	NA	NA	month	-3.1	
1832	2	NA	NA	NA	month	-0.5	
1832	3	NA	NA	NA	month	2.4	
1832	4	NA	NA	NA	month	7.4	
1832	5	NA	NA	NA	month	11.3	
1832	6	NA	NA	NA	month	14.9	
1832	7	NA	NA	NA	month	18.6	
1832	8	NA	NA	NA	month	19.3	
1832	9	NA	NA	NA	month	12.9	
1832	10	NA	NA	NA	month	7.4	
1832	11	NA	NA	NA	month	1.2	
1832	12	NA	NA	NA	month	-0.9	
1833	1	NA	NA	NA	month	-5.2	
1833	2	NA	NA	NA	month	2.8	
1833	3	NA	NA	NA	month	1.8	
1833	4	NA	NA	NA	month	5.2	
1833	5	NA	NA	NA	month	16.4	
1833	6	NA	NA	NA	month	17.5	
1833	7	NA	NA	NA	month	14.9	
1833	8	NA	NA	NA	month	14.8	
1833	10	NA	NA	NA	month	8.1	
1833	11	NA	NA	NA	month	2.1	
1833	12	NA	NA	NA	month	3.3	
1834	1	NA	NA	NA	month	3	
1834	2	NA	NA	NA	month	0.5	
1834	3	NA	NA	NA	month	3.5	
1834	4	NA	NA	NA	month	5	
1834	5	NA	NA	NA	month	14.1	
1834	6	NA	NA	NA	month	16.7	
1834	7	NA	NA	NA	month	18.9	
1834	8	NA	NA	NA	month	17.1	
1834	9	NA	NA	NA	month	15.9	
1834	10	NA	NA	NA	month	8.8	
1834	11	NA	NA	NA	month	1.6	
1834	12	NA	NA	NA	month	-3.4	
1835	1	NA	NA	NA	month	-2.9	
1835	2	NA	NA	NA	month	0.2	
1835	3	NA	NA	NA	month	1	
1835	4	NA	NA	NA	month	5.7	
1835	5	NA	NA	NA	month	11.4	
1835	6	NA	NA	NA	month	14.7	
1835	7	NA	NA	NA	month	19	
1835	8	NA	NA	NA	month	15.8	
1835	9	NA	NA	NA	month	12.5	
1835	10	NA	NA	NA	month	4.7	
1835	11	NA	NA	NA	month	-1.2	
1835	12	NA	NA	NA	month	-5.8	
1836	1	NA	NA	NA	month	-3.5	
1836	2	NA	NA	NA	month	-1.8	
1836	3	NA	NA	NA	month	4.9	
1836	4	NA	NA	NA	month	4.8	
1836	5	NA	NA	NA	month	8.4	
1836	6	NA	NA	NA	month	15.6	
1836	7	NA	NA	NA	month	18.1	
1836	8	NA	NA	NA	month	16.5	
1836	9	NA	NA	NA	month	11	
