SEF	1.0.0
ID	GR04_Marschlins
Name	Schloss Marschlins
Lat	46.96
Lon	9.58
Alt	562
Source	CHIMES
Link	https://doi.org/10.5194/cp-15-1345-2019
Vbl	ta
Stat	mean
Units	C
Meta	Observer=Johann Rudolf von Salis-Marschlins,Ulysses Adalbert von Salis-Marschlins|QC software=dataresqc v1.0.3 | Orig.res=subdaily | Diurnal cycle=Y
Year	Month	Day	Hour	Minute	Period	Value	Meta
1782	2	NA	NA	NA	month	-4.5	
1782	3	NA	NA	NA	month	2.4	
1782	4	NA	NA	NA	month	5.5	
1782	11	NA	NA	NA	month	2.4	
1782	12	NA	NA	NA	month	-0.5	
1783	4	NA	NA	NA	month	9.1	
1783	5	NA	NA	NA	month	13.6	
1783	6	NA	NA	NA	month	15.8	
1784	5	NA	NA	NA	month	15.6	
1784	6	NA	NA	NA	month	16.8	
1784	8	NA	NA	NA	month	16.7	
1784	9	NA	NA	NA	month	17.1	
1785	5	NA	NA	NA	month	13.7	
1785	6	NA	NA	NA	month	15.6	
1785	8	NA	NA	NA	month	16.9	
1785	9	NA	NA	NA	month	16	
1785	10	NA	NA	NA	month	9.1	
1785	11	NA	NA	NA	month	4.5	
1790	7	NA	NA	NA	month	17.3	
1790	8	NA	NA	NA	month	20.6	
1790	9	NA	NA	NA	month	12.3	
1791	3	NA	NA	NA	month	4.2	
1791	4	NA	NA	NA	month	12.4	
1791	5	NA	NA	NA	month	13	
1791	6	NA	NA	NA	month	15.3	
1792	1	NA	NA	NA	month	5	
1792	2	NA	NA	NA	month	4.8	
1792	3	NA	NA	NA	month	10	
1792	4	NA	NA	NA	month	15.1	
1792	5	NA	NA	NA	month	16.9	
1792	6	NA	NA	NA	month	22.3	
1792	7	NA	NA	NA	month	22.9	
1792	8	NA	NA	NA	month	22.4	
1792	9	NA	NA	NA	month	16.1	
1792	10	NA	NA	NA	month	15.1	
1792	11	NA	NA	NA	month	6.3	
1792	12	NA	NA	NA	month	2.7	
1793	1	NA	NA	NA	month	-3.7	
1793	2	NA	NA	NA	month	1.8	
1793	3	NA	NA	NA	month	5.8	
1793	4	NA	NA	NA	month	7.6	
1793	5	NA	NA	NA	month	12	
1793	6	NA	NA	NA	month	15.8	
1793	7	NA	NA	NA	month	20	
1793	8	NA	NA	NA	month	19.2	
1793	9	NA	NA	NA	month	14.2	
1793	10	NA	NA	NA	month	10	
1793	11	NA	NA	NA	month	7.3	
1793	12	NA	NA	NA	month	1.2	
1794	1	NA	NA	NA	month	-1.8	
1794	2	NA	NA	NA	month	3.4	
1794	3	NA	NA	NA	month	7.5	
1794	5	NA	NA	NA	month	14.5	
1794	6	NA	NA	NA	month	17.4	
1794	7	NA	NA	NA	month	20.9	
1794	8	NA	NA	NA	month	17	
1794	9	NA	NA	NA	month	12.3	
1794	10	NA	NA	NA	month	9.1	
1794	11	NA	NA	NA	month	7.1	
1794	12	NA	NA	NA	month	-0.7	
1795	1	NA	NA	NA	month	-4.6	
1795	2	NA	NA	NA	month	3.9	
1795	3	NA	NA	NA	month	6.5	
1795	4	NA	NA	NA	month	12	
1795	6	NA	NA	NA	month	17.6	
1795	7	NA	NA	NA	month	16.9	
1795	8	NA	NA	NA	month	19	
1795	9	NA	NA	NA	month	16.4	
1795	12	NA	NA	NA	month	4.5	
1796	1	NA	NA	NA	month	5.9	
1796	2	NA	NA	NA	month	3.4	
1796	3	NA	NA	NA	month	4.4	
1796	6	NA	NA	NA	month	17.2	
1796	7	NA	NA	NA	month	18.7	
1796	8	NA	NA	NA	month	18.3	
1796	9	NA	NA	NA	month	17.2	
1796	10	NA	NA	NA	month	10.4	
1796	11	NA	NA	NA	month	5.9	
1796	12	NA	NA	NA	month	0.8	
1797	1	NA	NA	NA	month	1.4	
1797	2	NA	NA	NA	month	2.7	
1797	3	NA	NA	NA	month	5.1	
1797	4	NA	NA	NA	month	13.2	
1797	5	NA	NA	NA	month	16.9	
1797	6	NA	NA	NA	month	15.6	
1797	7	NA	NA	NA	month	20.7	
1797	8	NA	NA	NA	month	20.5	
1797	11	NA	NA	NA	month	6.7	
1798	3	NA	NA	NA	month	5.7	
1798	4	NA	NA	NA	month	10.8	
1798	5	NA	NA	NA	month	15.8	
1798	6	NA	NA	NA	month	18.4	
1798	7	NA	NA	NA	month	18.8	
1798	8	NA	NA	NA	month	19.3	
1798	9	NA	NA	NA	month	16.3	
1798	10	NA	NA	NA	month	10.4	
1798	11	NA	NA	NA	month	6.8	
1798	12	NA	NA	NA	month	-0.9	
1799	1	NA	NA	NA	month	-5.7	
1799	2	NA	NA	NA	month	4.4	
1799	7	NA	NA	NA	month	19.1	
1799	8	NA	NA	NA	month	20.5	
1800	1	NA	NA	NA	month	3	
1800	2	NA	NA	NA	month	2.3	
1800	3	NA	NA	NA	month	4.3	
1800	4	NA	NA	NA	month	16.1	
1800	5	NA	NA	NA	month	18.5	
1800	6	NA	NA	NA	month	16.6	
1802	2	NA	NA	NA	month	-0.1	
1802	3	NA	NA	NA	month	4.3	
1802	4	NA	NA	NA	month	7.9	
1802	5	NA	NA	NA	month	11.6	
1802	7	NA	NA	NA	month	14.6	
1802	8	NA	NA	NA	month	18.3	
1802	9	NA	NA	NA	month	12.3	
1802	10	NA	NA	NA	month	9.7	
1803	2	NA	NA	NA	month	1.6	
1803	3	NA	NA	NA	month	2	
1803	4	NA	NA	NA	month	9.6	
1803	5	NA	NA	NA	month	9.4	
1803	6	NA	NA	NA	month	13.1	
1803	7	NA	NA	NA	month	16.1	
1803	8	NA	NA	NA	month	15.5	
1803	9	NA	NA	NA	month	10.4	
1803	10	NA	NA	NA	month	6.1	
1803	11	NA	NA	NA	month	4.3	
1804	2	NA	NA	NA	month	-2.7	
1804	3	NA	NA	NA	month	3.4	
1804	4	NA	NA	NA	month	8.5	
1804	5	NA	NA	NA	month	13.9	
1804	6	NA	NA	NA	month	15	
1804	7	NA	NA	NA	month	15.2	
1804	8	NA	NA	NA	month	15.5	
1804	9	NA	NA	NA	month	13.1	
1804	10	NA	NA	NA	month	9.1	
1804	11	NA	NA	NA	month	5	
1805	2	NA	NA	NA	month	-0.3	
1805	3	NA	NA	NA	month	2.4	
1805	4	NA	NA	NA	month	7	
1805	5	NA	NA	NA	month	12.2	
1805	6	NA	NA	NA	month	14.7	
1805	7	NA	NA	NA	month	15.7	
1805	8	NA	NA	NA	month	15	
1805	9	NA	NA	NA	month	13.1	
1805	10	NA	NA	NA	month	6.9	
1805	11	NA	NA	NA	month	0.9	
1806	2	NA	NA	NA	month	3.9	
1806	3	NA	NA	NA	month	3.1	
1806	4	NA	NA	NA	month	4.7	
1806	5	NA	NA	NA	month	13.9	
1806	6	NA	NA	NA	month	14.1	
1806	7	NA	NA	NA	month	13.7	
1806	8	NA	NA	NA	month	13.5	
1806	10	NA	NA	NA	month	7	
1806	11	NA	NA	NA	month	4	
1807	2	NA	NA	NA	month	-1.3	
1807	3	NA	NA	NA	month	-0.7	
1807	4	NA	NA	NA	month	5.4	
1807	5	NA	NA	NA	month	13.2	
1807	6	NA	NA	NA	month	13.5	
1807	7	NA	NA	NA	month	16.5	
1807	8	NA	NA	NA	month	18	
1807	9	NA	NA	NA	month	9.8	
1807	10	NA	NA	NA	month	7.7	
1807	11	NA	NA	NA	month	2.7	
1808	2	NA	NA	NA	month	-5	
1808	3	NA	NA	NA	month	-2.1	
1808	4	NA	NA	NA	month	4.3	
1808	5	NA	NA	NA	month	13.6	
1808	6	NA	NA	NA	month	12.8	
1808	7	NA	NA	NA	month	16.8	
1808	8	NA	NA	NA	month	15.2	
1808	9	NA	NA	NA	month	11.4	
1808	10	NA	NA	NA	month	4.5	
1809	2	NA	NA	NA	month	2	
1809	3	NA	NA	NA	month	2.5	
1809	4	NA	NA	NA	month	4.2	
1809	5	NA	NA	NA	month	12	
1809	6	NA	NA	NA	month	13.6	
1809	7	NA	NA	NA	month	15.2	
1809	8	NA	NA	NA	month	14.4	
1809	9	NA	NA	NA	month	10.5	
1809	10	NA	NA	NA	month	5.4	
1809	11	NA	NA	NA	month	0.3	
1812	2	NA	NA	NA	month	0.4	
1812	3	NA	NA	NA	month	2.5	
1812	4	NA	NA	NA	month	5	
1812	5	NA	NA	NA	month	13.1	
1812	6	NA	NA	NA	month	13.8	
1812	7	NA	NA	NA	month	13.4	
1812	8	NA	NA	NA	month	13.6	
1812	9	NA	NA	NA	month	10.7	
1812	10	NA	NA	NA	month	7.8	
1812	11	NA	NA	NA	month	0.1	
1813	2	NA	NA	NA	month	1.2	
1813	3	NA	NA	NA	month	0.7	
1813	4	NA	NA	NA	month	7.9	
1813	5	NA	NA	NA	month	12.6	
1813	6	NA	NA	NA	month	12.3	
1813	7	NA	NA	NA	month	12.9	
1813	8	NA	NA	NA	month	12.7	
1813	9	NA	NA	NA	month	11.6	
1813	10	NA	NA	NA	month	10.5	
1813	11	NA	NA	NA	month	3.7	
1814	2	NA	NA	NA	month	-3.3	
1814	3	NA	NA	NA	month	4.3	
1814	4	NA	NA	NA	month	8.7	
1814	5	NA	NA	NA	month	13.9	
1814	6	NA	NA	NA	month	12.1	
1814	7	NA	NA	NA	month	19.4	
1814	8	NA	NA	NA	month	17.5	
1814	9	NA	NA	NA	month	12.4	
1814	10	NA	NA	NA	month	10.6	
1814	11	NA	NA	NA	month	7.1	
1815	2	NA	NA	NA	month	4.5	
1815	3	NA	NA	NA	month	7.3	
1815	4	NA	NA	NA	month	12.2	
1815	5	NA	NA	NA	month	15.8	
1815	6	NA	NA	NA	month	16.2	
1815	7	NA	NA	NA	month	16.4	
1815	8	NA	NA	NA	month	16.2	
1815	9	NA	NA	NA	month	14.6	
1815	10	NA	NA	NA	month	10.5	
1815	11	NA	NA	NA	month	2.1	
1816	2	NA	NA	NA	month	-1	
1816	3	NA	NA	NA	month	4.6	
1816	4	NA	NA	NA	month	7.6	
1816	5	NA	NA	NA	month	14.2	
1816	6	NA	NA	NA	month	15	
1816	7	NA	NA	NA	month	15.5	
1816	8	NA	NA	NA	month	15.4	
1816	9	NA	NA	NA	month	13.3	
1816	10	NA	NA	NA	month	10.4	
1816	11	NA	NA	NA	month	3.8	
1818	2	NA	NA	NA	month	2.9	
1818	3	NA	NA	NA	month	5.8	
1818	4	NA	NA	NA	month	13.1	
1818	6	NA	NA	NA	month	16.2	
1818	7	NA	NA	NA	month	15.2	
1818	8	NA	NA	NA	month	13.6	
1818	9	NA	NA	NA	month	10.7	
1818	10	NA	NA	NA	month	5.8	
1818	11	NA	NA	NA	month	3.5	
1819	2	NA	NA	NA	month	-2	
1819	3	NA	NA	NA	month	2.6	
1819	4	NA	NA	NA	month	9.2	
1819	5	NA	NA	NA	month	11.9	
1819	6	NA	NA	NA	month	13.4	
1819	7	NA	NA	NA	month	15.3	
1819	8	NA	NA	NA	month	14.9	
1819	9	NA	NA	NA	month	11.5	
1819	10	NA	NA	NA	month	6	
1819	11	NA	NA	NA	month	1.6	
1820	2	NA	NA	NA	month	-0.7	
1820	3	NA	NA	NA	month	0.2	
1820	4	NA	NA	NA	month	9.3	
1820	5	NA	NA	NA	month	11.7	
1820	6	NA	NA	NA	month	11.1	
1820	7	NA	NA	NA	month	13.8	
1820	8	NA	NA	NA	month	16.2	
1820	9	NA	NA	NA	month	8.9	
1820	10	NA	NA	NA	month	6.3	
1820	11	NA	NA	NA	month	-1	
1822	4	NA	NA	NA	month	6.8	
1822	5	NA	NA	NA	month	11.2	
1822	6	NA	NA	NA	month	13.6	
1822	7	NA	NA	NA	month	11.8	
1822	8	NA	NA	NA	month	11.1	
1822	9	NA	NA	NA	month	9.2	
1822	10	NA	NA	NA	month	7.1	
1822	11	NA	NA	NA	month	4.1	
1823	2	NA	NA	NA	month	0.7	
1823	3	NA	NA	NA	month	1.9	
1823	4	NA	NA	NA	month	5.2	
1823	5	NA	NA	NA	month	9.9	
1823	6	NA	NA	NA	month	9.9	
1823	7	NA	NA	NA	month	10.6	
1823	8	NA	NA	NA	month	11.5	
1823	9	NA	NA	NA	month	9.5	
1823	10	NA	NA	NA	month	5	
1823	11	NA	NA	NA	month	0.3	
1824	2	NA	NA	NA	month	4.3	
1824	3	NA	NA	NA	month	4.7	
1824	4	NA	NA	NA	month	8	
1824	5	NA	NA	NA	month	12.2	
1824	6	NA	NA	NA	month	13.8	
1824	7	NA	NA	NA	month	16.7	
1824	8	NA	NA	NA	month	15.6	
1824	9	NA	NA	NA	month	14.2	
1824	10	NA	NA	NA	month	9.8	
1824	11	NA	NA	NA	month	6.8	
1825	2	NA	NA	NA	month	1.2	
1825	3	NA	NA	NA	month	4.4	
1825	4	NA	NA	NA	month	11.8	
1825	5	NA	NA	NA	month	13.1	
1825	6	NA	NA	NA	month	15.1	
1825	7	NA	NA	NA	month	15.6	
1825	8	NA	NA	NA	month	15.8	
1825	9	NA	NA	NA	month	14.2	
1833	2	NA	NA	NA	month	0.5	
1833	4	NA	NA	NA	month	4.8	
1833	5	NA	NA	NA	month	15	
1834	2	NA	NA	NA	month	-1.5	
1834	3	NA	NA	NA	month	1.6	
1834	4	NA	NA	NA	month	4.6	
1834	5	NA	NA	NA	month	14.7	
1834	9	NA	NA	NA	month	14.6	
1835	2	NA	NA	NA	month	-1.8	
1835	4	NA	NA	NA	month	5.8	
1835	5	NA	NA	NA	month	12.1	
1836	2	NA	NA	NA	month	-2.9	
1836	3	NA	NA	NA	month	5.1	
1836	4	NA	NA	NA	month	5.6	
1836	5	NA	NA	NA	month	9.5	
1836	9	NA	NA	NA	month	9.8	
1838	10	NA	NA	NA	month	4.2	
1838	11	NA	NA	NA	month	4.1	
1839	2	NA	NA	NA	month	0.2	
1839	3	NA	NA	NA	month	3.1	
1839	4	NA	NA	NA	month	6.2	
1839	6	NA	NA	NA	month	18.6	
1839	8	NA	NA	NA	month	14.4	
1839	9	NA	NA	NA	month	13.1	
1839	10	NA	NA	NA	month	11.4	
1839	11	NA	NA	NA	month	7.5	
1840	8	NA	NA	NA	month	17.1	
1840	9	NA	NA	NA	month	13.8	
1840	10	NA	NA	NA	month	7.3	
1841	9	NA	NA	NA	month	14.9	
1841	10	NA	NA	NA	month	10.2	
1841	11	NA	NA	NA	month	3.5	
1842	3	NA	NA	NA	month	4.5	
1842	4	NA	NA	NA	month	8.6	
1842	5	NA	NA	NA	month	13.1	
1842	6	NA	NA	NA	month	17	
1842	7	NA	NA	NA	month	17	
1842	8	NA	NA	NA	month	18.4	
1842	9	NA	NA	NA	month	12.9	
1842	10	NA	NA	NA	month	5.9	
1842	11	NA	NA	NA	month	3.8	
1843	3	NA	NA	NA	month	3.5	
1843	4	NA	NA	NA	month	9	
1843	5	NA	NA	NA	month	10.9	
1843	6	NA	NA	NA	month	13.3	
1843	7	NA	NA	NA	month	13.9	
1843	8	NA	NA	NA	month	15.9	
1843	9	NA	NA	NA	month	13.8	
1843	10	NA	NA	NA	month	8.9	
1843	11	NA	NA	NA	month	4.3	
1844	2	NA	NA	NA	month	-5.8	
1844	3	NA	NA	NA	month	-0.5	
1844	4	NA	NA	NA	month	6.4	
1844	5	NA	NA	NA	month	8.9	
1844	6	NA	NA	NA	month	13.4	
1844	7	NA	NA	NA	month	12.3	
1844	9	NA	NA	NA	month	10.3	
1844	10	NA	NA	NA	month	5.8	
1844	11	NA	NA	NA	month	1.3	
1845	2	NA	NA	NA	month	-9.2	
1845	3	NA	NA	NA	month	-2.3	
1845	4	NA	NA	NA	month	6.2	
1845	5	NA	NA	NA	month	7	
1845	6	NA	NA	NA	month	13.6	
1845	7	NA	NA	NA	month	14	
1845	8	NA	NA	NA	month	10.3	
1845	9	NA	NA	NA	month	9.8	
1845	10	NA	NA	NA	month	5.2	
1845	11	NA	NA	NA	month	3.1	
1846	2	NA	NA	NA	month	-0.8	
1846	3	NA	NA	NA	month	2.8	
1846	4	NA	NA	NA	month	6.1	
1846	5	NA	NA	NA	month	11.3	
1846	6	NA	NA	NA	month	14.8	
1846	7	NA	NA	NA	month	14.7	
1846	8	NA	NA	NA	month	14.6	
1846	9	NA	NA	NA	month	10.9	
1846	10	NA	NA	NA	month	5.7	
1846	11	NA	NA	NA	month	-0.1	
1847	2	NA	NA	NA	month	-5.9	
1847	3	NA	NA	NA	month	-0.2	
1847	4	NA	NA	NA	month	1.7	
1847	5	NA	NA	NA	month	12.9	
1847	6	NA	NA	NA	month	9.3	
1847	8	NA	NA	NA	month	12.8	
1847	10	NA	NA	NA	month	5	
1847	11	NA	NA	NA	month	0.4	
1848	2	NA	NA	NA	month	-0.6	
1848	3	NA	NA	NA	month	1.9	
1848	4	NA	NA	NA	month	7.3	
1848	5	NA	NA	NA	month	10.5	
1848	6	NA	NA	NA	month	13.9	
1848	7	NA	NA	NA	month	13.3	
1848	8	NA	NA	NA	month	13.1	
1848	9	NA	NA	NA	month	9.1	
1848	10	NA	NA	NA	month	6	
1848	11	NA	NA	NA	month	-1.4	
1849	2	NA	NA	NA	month	-2.7	
1849	3	NA	NA	NA	month	-1.3	
1849	4	NA	NA	NA	month	4.3	
1849	5	NA	NA	NA	month	10.5	
1849	6	NA	NA	NA	month	14.1	
1849	7	NA	NA	NA	month	13.9	
1849	9	NA	NA	NA	month	10.4	
1849	10	NA	NA	NA	month	5.8	
1849	11	NA	NA	NA	month	-2.1	
1850	2	NA	NA	NA	month	-1.2	
1850	3	NA	NA	NA	month	-1.7	
1850	4	NA	NA	NA	month	5.7	
1850	5	NA	NA	NA	month	8.3	
1850	6	NA	NA	NA	month	12.6	
1850	7	NA	NA	NA	month	13	
1850	8	NA	NA	NA	month	12.9	
1850	9	NA	NA	NA	month	7.5	
1850	10	NA	NA	NA	month	1.9	
1850	11	NA	NA	NA	month	1.2	
1851	2	NA	NA	NA	month	1.3	
1851	3	NA	NA	NA	month	3.4	
1851	4	NA	NA	NA	month	9.5	
1851	5	NA	NA	NA	month	9.6	
1851	6	NA	NA	NA	month	16.4	
1851	7	NA	NA	NA	month	15.6	
1851	8	NA	NA	NA	month	16.1	
1851	9	NA	NA	NA	month	10.9	
1851	10	NA	NA	NA	month	9.5	
1851	11	NA	NA	NA	month	-1.6	
1852	2	NA	NA	NA	month	0.8	
1852	3	NA	NA	NA	month	0.6	
1852	4	NA	NA	NA	month	6.8	
1852	5	NA	NA	NA	month	13.1	
1852	6	NA	NA	NA	month	15.5	
1852	7	NA	NA	NA	month	18.2	
1852	8	NA	NA	NA	month	16.4	
1852	9	NA	NA	NA	month	13.6	
1852	10	NA	NA	NA	month	8.9	
1852	11	NA	NA	NA	month	9.3	
1853	2	NA	NA	NA	month	-0.8	
1853	3	NA	NA	NA	month	0.5	
1853	4	NA	NA	NA	month	5.7	
1853	5	NA	NA	NA	month	12.4	
1853	6	NA	NA	NA	month	14.5	
1853	7	NA	NA	NA	month	17.4	
1853	8	NA	NA	NA	month	16.9	
1853	9	NA	NA	NA	month	13.1	
1853	10	NA	NA	NA	month	10.9	
1853	11	NA	NA	NA	month	4	
1854	2	NA	NA	NA	month	-2.4	
1854	3	NA	NA	NA	month	3	
1854	4	NA	NA	NA	month	9.3	
1854	5	NA	NA	NA	month	13.1	
1854	6	NA	NA	NA	month	14.4	
1854	7	NA	NA	NA	month	16.6	
1854	8	NA	NA	NA	month	15.3	
1854	9	NA	NA	NA	month	13.5	
1854	10	NA	NA	NA	month	10.3	
1854	11	NA	NA	NA	month	1.6	
1855	2	NA	NA	NA	month	1.7	
1855	3	NA	NA	NA	month	3.9	
1855	4	NA	NA	NA	month	7	
1855	5	NA	NA	NA	month	10.9	
1855	6	NA	NA	NA	month	14.8	
1855	7	NA	NA	NA	month	16.6	
1855	8	NA	NA	NA	month	17.3	
1855	9	NA	NA	NA	month	14.4	
1855	10	NA	NA	NA	month	12.6	
1855	11	NA	NA	NA	month	3	
1856	2	NA	NA	NA	month	2.7	
1856	3	NA	NA	NA	month	4.7	
1856	4	NA	NA	NA	month	10.7	
1856	5	NA	NA	NA	month	11.1	
1856	6	NA	NA	NA	month	16.6	
1856	7	NA	NA	NA	month	15.8	
1856	8	NA	NA	NA	month	18.2	
1856	9	NA	NA	NA	month	12.7	
1856	10	NA	NA	NA	month	9.4	
1856	11	NA	NA	NA	month	-0.1	
1857	2	NA	NA	NA	month	-1.4	
1857	3	NA	NA	NA	month	3.9	
1857	4	NA	NA	NA	month	7.4	
1857	5	NA	NA	NA	month	13.4	
1857	6	NA	NA	NA	month	15.3	
1857	7	NA	NA	NA	month	18.4	
1857	8	NA	NA	NA	month	17.4	
1857	9	NA	NA	NA	month	15.4	
1857	10	NA	NA	NA	month	11.4	
1857	11	NA	NA	NA	month	3.8	
1858	2	NA	NA	NA	month	-0.7	
1858	3	NA	NA	NA	month	3.2	
1858	4	NA	NA	NA	month	10.6	
1858	5	NA	NA	NA	month	9.9	
1858	6	NA	NA	NA	month	18.2	
1858	7	NA	NA	NA	month	15.2	
1858	8	NA	NA	NA	month	15.3	
1858	9	NA	NA	NA	month	15.5	
1858	10	NA	NA	NA	month	10.2	
1858	11	NA	NA	NA	month	1.9	
1859	2	NA	NA	NA	month	1.4	
1859	3	NA	NA	NA	month	6.8	
1859	4	NA	NA	NA	month	9.1	
1859	5	NA	NA	NA	month	12.9	
1859	6	NA	NA	NA	month	15.8	
1859	7	NA	NA	NA	month	19.9	
1859	8	NA	NA	NA	month	18.4	
1859	9	NA	NA	NA	month	13.6	
1859	10	NA	NA	NA	month	11.5	
1859	11	NA	NA	NA	month	2.2	
1860	2	NA	NA	NA	month	-4.1	
1860	3	NA	NA	NA	month	2	
1860	4	NA	NA	NA	month	8	
1860	5	NA	NA	NA	month	13.3	
1860	6	NA	NA	NA	month	15.4	
1860	7	NA	NA	NA	month	14.6	
1860	8	NA	NA	NA	month	15.1	
1860	9	NA	NA	NA	month	13.7	
1860	10	NA	NA	NA	month	7.9	
1860	11	NA	NA	NA	month	2.8	
1861	2	NA	NA	NA	month	5.5	
1861	3	NA	NA	NA	month	5.1	
1861	4	NA	NA	NA	month	7.8	
1861	5	NA	NA	NA	month	12.2	
1861	6	NA	NA	NA	month	16.5	
1861	7	NA	NA	NA	month	16.5	
1861	8	NA	NA	NA	month	17.9	
1861	9	NA	NA	NA	month	13.5	
1861	10	NA	NA	NA	month	11.1	
1861	11	NA	NA	NA	month	5.6	
1862	2	NA	NA	NA	month	2	
1862	3	NA	NA	NA	month	9	
1862	4	NA	NA	NA	month	11.4	
1862	5	NA	NA	NA	month	15	
1862	6	NA	NA	NA	month	15	
1862	7	NA	NA	NA	month	17.8	
1862	8	NA	NA	NA	month	16.1	
1862	9	NA	NA	NA	month	14.9	
1862	10	NA	NA	NA	month	11.4	
1862	11	NA	NA	NA	month	6	
1863	2	NA	NA	NA	month	1	
1863	3	NA	NA	NA	month	5	
1863	4	NA	NA	NA	month	10.1	
1863	5	NA	NA	NA	month	14.4	
1863	6	NA	NA	NA	month	15.3	
1863	7	NA	NA	NA	month	16.9	
1863	8	NA	NA	NA	month	18.3	
1863	9	NA	NA	NA	month	13.1	
1863	10	NA	NA	NA	month	11.7	
1863	11	NA	NA	NA	month	3.9	
