SEF	1.0.0
ID	VD04_Morges
Name	Morges
Lat	46.501
Lon	6.488
Alt	383
Source	CHIMES
Link	https://doi.org/10.5194/cp-15-1345-2019
Vbl	ta
Stat	mean
Units	C
Meta	Observer=Charles Dufour, Frédéric Burnier, Jean-Alexandre-Marc Yersin | Orig.res=subdaily | Diurnal cycle=Y
Year	Month	Day	Hour	Minute	Period	Value	Meta
1849	11	NA	NA	NA	month	3.2	
1849	12	NA	NA	NA	month	-0.5	
1850	1	NA	NA	NA	month	-2.5	
1850	2	NA	NA	NA	month	4.2	
1850	3	NA	NA	NA	month	3.3	
1850	4	NA	NA	NA	month	8.5	
1850	5	NA	NA	NA	month	11.8	
1850	6	NA	NA	NA	month	17.6	
1850	7	NA	NA	NA	month	19.1	
1850	8	NA	NA	NA	month	18.1	
1850	9	NA	NA	NA	month	14.3	
1850	10	NA	NA	NA	month	8	
1850	11	NA	NA	NA	month	6.4	
1850	12	NA	NA	NA	month	1.4	
1851	1	NA	NA	NA	month	1.2	
1851	2	NA	NA	NA	month	1.7	
1851	3	NA	NA	NA	month	3.8	
1851	4	NA	NA	NA	month	9.2	
1851	5	NA	NA	NA	month	11.1	
1851	6	NA	NA	NA	month	18.5	
1851	7	NA	NA	NA	month	17.2	
1851	8	NA	NA	NA	month	18.4	
1851	9	NA	NA	NA	month	12.3	
1851	10	NA	NA	NA	month	9.7	
1851	11	NA	NA	NA	month	0.4	
1851	12	NA	NA	NA	month	-1.9	
1852	1	NA	NA	NA	month	2.1	
1852	2	NA	NA	NA	month	2.3	
1852	3	NA	NA	NA	month	3.6	
1852	4	NA	NA	NA	month	9.3	
1852	5	NA	NA	NA	month	13.7	
1852	6	NA	NA	NA	month	15.7	
1852	7	NA	NA	NA	month	20.2	
1852	8	NA	NA	NA	month	16.9	
1852	9	NA	NA	NA	month	14.2	
1852	10	NA	NA	NA	month	8.6	
1852	11	NA	NA	NA	month	7.5	
1852	12	NA	NA	NA	month	3.8	
1853	1	NA	NA	NA	month	3.1	
1853	2	NA	NA	NA	month	-0.2	
1853	3	NA	NA	NA	month	1.1	
1853	4	NA	NA	NA	month	7	
1853	5	NA	NA	NA	month	12.1	
1853	6	NA	NA	NA	month	16.1	
1853	7	NA	NA	NA	month	19.4	
1853	8	NA	NA	NA	month	18.8	
1853	9	NA	NA	NA	month	14.1	
1853	10	NA	NA	NA	month	10	
1853	11	NA	NA	NA	month	5.2	
1853	12	NA	NA	NA	month	-2.4	
1854	1	NA	NA	NA	month	0.2	
1854	2	NA	NA	NA	month	-0.9	
1854	3	NA	NA	NA	month	5.8	
1854	4	NA	NA	NA	month	11	
1854	5	NA	NA	NA	month	13.9	
1854	6	NA	NA	NA	month	16	
1854	7	NA	NA	NA	month	19	
1854	8	NA	NA	NA	month	17.5	
1854	9	NA	NA	NA	month	16	
1854	10	NA	NA	NA	month	10.6	
1854	11	NA	NA	NA	month	3.1	
