SEF	1.0.0
ID	GR02_Bevers_Kraettli
Name	Bever
Lat	46.55
Lon	9.886
Alt	1714
Source	CHIMES
Link	https://doi.org/10.5194/cp-15-1345-2019
Vbl	ta
Stat	mean
Units	C
Meta	Observer=Johann Luzius Krättli | Orig.res=subdaily | Diurnal cycle=N
Year	Month	Day	Hour	Minute	Period	Value	Meta
1857	1	NA	NA	NA	month	-11.7	
1857	2	NA	NA	NA	month	-8.7	
1857	3	NA	NA	NA	month	-2.3	
1857	4	NA	NA	NA	month	1.1	
1857	5	NA	NA	NA	month	7.1	
1857	6	NA	NA	NA	month	10.2	
1857	7	NA	NA	NA	month	13.3	
1857	8	NA	NA	NA	month	13.1	
1857	9	NA	NA	NA	month	10	
1857	10	NA	NA	NA	month	5.9	
1857	11	NA	NA	NA	month	-0.9	
1857	12	NA	NA	NA	month	-8.3	
1858	1	NA	NA	NA	month	-11.4	
1858	2	NA	NA	NA	month	-9.1	
1858	3	NA	NA	NA	month	-3.2	
