SEF	1.0.0
ID	AG01_Aarau_Bronner
Name	Aarau
Lat	47.393
Lon	8.043
Alt	384
Source	CHIMES
Link	https://doi.org/10.5194/cp-15-1345-2019
Vbl	ta
Stat	mean
Units	C
Meta	Observer=Franz Xaver Bronner|QC software=dataresqc v1.0.3 | Orig.res=subdaily | Diurnal cycle=Y
Year	Month	Day	Hour	Minute	Period	Value	Meta
1826	4	NA	NA	NA	month	8.3	
1826	5	NA	NA	NA	month	12.2	
1826	6	NA	NA	NA	month	16.9	
1826	7	NA	NA	NA	month	19.4	
1826	8	NA	NA	NA	month	20.3	
1826	9	NA	NA	NA	month	15.7	
1826	10	NA	NA	NA	month	9.8	
1826	11	NA	NA	NA	month	1.7	
1826	12	NA	NA	NA	month	0	
1827	1	NA	NA	NA	month	-2.4	
1827	2	NA	NA	NA	month	-4.6	
1827	3	NA	NA	NA	month	4	
1827	4	NA	NA	NA	month	9.8	
1827	5	NA	NA	NA	month	15.2	
1827	6	NA	NA	NA	month	16.3	
1827	7	NA	NA	NA	month	21.2	
1827	12	NA	NA	NA	month	3.4	
1828	1	NA	NA	NA	month	1.1	
1828	2	NA	NA	NA	month	0.9	
1828	3	NA	NA	NA	month	4.2	
1828	4	NA	NA	NA	month	7.9	
1828	6	NA	NA	NA	month	18	
1828	7	NA	NA	NA	month	18.1	
1828	8	NA	NA	NA	month	16.3	
1828	9	NA	NA	NA	month	14.4	
1828	10	NA	NA	NA	month	8.5	
1828	11	NA	NA	NA	month	3.3	
1828	12	NA	NA	NA	month	0.6	
1829	1	NA	NA	NA	month	-4.5	
1829	2	NA	NA	NA	month	-2.4	
1829	3	NA	NA	NA	month	3.8	
1829	4	NA	NA	NA	month	9.3	
1829	5	NA	NA	NA	month	14.6	
1829	6	NA	NA	NA	month	15.5	
1829	7	NA	NA	NA	month	18.2	
1829	8	NA	NA	NA	month	16.1	
1829	9	NA	NA	NA	month	12.4	
1829	10	NA	NA	NA	month	7.2	
1829	11	NA	NA	NA	month	1.3	
1829	12	NA	NA	NA	month	-5	
1830	1	NA	NA	NA	month	-8.6	
1830	2	NA	NA	NA	month	-3.5	
1830	3	NA	NA	NA	month	6.6	
1830	4	NA	NA	NA	month	10.6	
1830	5	NA	NA	NA	month	14.2	
1830	6	NA	NA	NA	month	15.4	
1830	7	NA	NA	NA	month	18.8	
1830	8	NA	NA	NA	month	17.1	
1830	9	NA	NA	NA	month	12.4	
1830	10	NA	NA	NA	month	8.7	
1830	11	NA	NA	NA	month	3.9	
1830	12	NA	NA	NA	month	-1.7	
