SEF	1.0.0
ID	ZG01_Zug
Name	Zug
Lat	47.16589
Lon	8.51537
Alt	424
Source	CHIMES
Link	https://doi.org/10.5194/cp-15-1345-2019
Vbl	ta
Stat	mean
Units	C
Meta	Observer=Michael Müller?|QC software=dataresqc v1.0.3 | Orig.res=subdaily | Diurnal cycle=Y
Year	Month	Day	Hour	Minute	Period	Value	Meta
1843	6	NA	NA	NA	month	12.6	
1843	7	NA	NA	NA	month	16.2	
1843	8	NA	NA	NA	month	18.3	
1843	9	NA	NA	NA	month	15.6	
1843	10	NA	NA	NA	month	9.1	
1843	11	NA	NA	NA	month	4.6	
1843	12	NA	NA	NA	month	0.9	
1844	1	NA	NA	NA	month	-1.6	
1844	2	NA	NA	NA	month	-0.7	
1844	3	NA	NA	NA	month	3.3	
1844	4	NA	NA	NA	month	10.9	
1844	5	NA	NA	NA	month	12.2	
1844	6	NA	NA	NA	month	19.1	
1844	7	NA	NA	NA	month	17.3	
1844	8	NA	NA	NA	month	14.7	
1844	9	NA	NA	NA	month	15.5	
1844	10	NA	NA	NA	month	9.9	
1844	11	NA	NA	NA	month	5.8	
1844	12	NA	NA	NA	month	-2	
1845	1	NA	NA	NA	month	-0.5	
1845	2	NA	NA	NA	month	-3.4	
1845	3	NA	NA	NA	month	0.5	
1845	4	NA	NA	NA	month	8.8	
1845	5	NA	NA	NA	month	9.4	
1845	6	NA	NA	NA	month	17.3	
1845	7	NA	NA	NA	month	19.2	
1845	8	NA	NA	NA	month	15	
1845	9	NA	NA	NA	month	14.9	
1845	10	NA	NA	NA	month	9.4	
1845	11	NA	NA	NA	month	6.1	
1845	12	NA	NA	NA	month	3.3	
1846	1	NA	NA	NA	month	-0.1	
1846	2	NA	NA	NA	month	4.5	
1846	3	NA	NA	NA	month	6.4	
1846	4	NA	NA	NA	month	8.3	
1846	5	NA	NA	NA	month	14.8	
1846	6	NA	NA	NA	month	20.7	
1846	7	NA	NA	NA	month	20.7	
1846	8	NA	NA	NA	month	19.9	
1846	9	NA	NA	NA	month	16.3	
1846	10	NA	NA	NA	month	10.2	
1846	11	NA	NA	NA	month	4.5	
1846	12	NA	NA	NA	month	-2	
1847	1	NA	NA	NA	month	-0.3	
1847	2	NA	NA	NA	month	-0.2	
1847	3	NA	NA	NA	month	3.6	
1847	4	NA	NA	NA	month	5.1	
1847	5	NA	NA	NA	month	17	
1847	6	NA	NA	NA	month	14.3	
1847	7	NA	NA	NA	month	20.4	
1847	8	NA	NA	NA	month	18.6	
1847	9	NA	NA	NA	month	12.1	
1847	10	NA	NA	NA	month	9	
1847	11	NA	NA	NA	month	3.8	
1847	12	NA	NA	NA	month	-0.5	
1848	1	NA	NA	NA	month	-5	
1848	2	NA	NA	NA	month	2.5	
1848	3	NA	NA	NA	month	4.7	
1848	4	NA	NA	NA	month	10.3	
1848	5	NA	NA	NA	month	15.5	
1848	6	NA	NA	NA	month	17.8	
1848	7	NA	NA	NA	month	19.5	
1848	8	NA	NA	NA	month	18.8	
1848	9	NA	NA	NA	month	14.7	
1848	10	NA	NA	NA	month	9.9	
1848	11	NA	NA	NA	month	3.1	
1848	12	NA	NA	NA	month	1.5	
1849	1	NA	NA	NA	month	1.9	
1849	2	NA	NA	NA	month	2.9	
1849	3	NA	NA	NA	month	3.4	
1849	4	NA	NA	NA	month	6.5	
1849	5	NA	NA	NA	month	13.8	
1849	6	NA	NA	NA	month	19.8	
1849	7	NA	NA	NA	month	20.1	
1849	8	NA	NA	NA	month	17.7	
1849	9	NA	NA	NA	month	15.8	
1849	10	NA	NA	NA	month	10.7	
1849	11	NA	NA	NA	month	1.9	
1849	12	NA	NA	NA	month	-1	
1850	1	NA	NA	NA	month	-2.6	
1850	2	NA	NA	NA	month	4.7	
1850	3	NA	NA	NA	month	2.8	
1850	4	NA	NA	NA	month	7.6	
1850	5	NA	NA	NA	month	11.3	
1850	6	NA	NA	NA	month	16.9	
1850	7	NA	NA	NA	month	18.4	
1850	8	NA	NA	NA	month	17	
1850	9	NA	NA	NA	month	13.2	
1850	10	NA	NA	NA	month	7.8	
1850	11	NA	NA	NA	month	6.4	
1850	12	NA	NA	NA	month	0.8	
1851	1	NA	NA	NA	month	1	
1851	2	NA	NA	NA	month	0.6	
1851	3	NA	NA	NA	month	3.4	
1851	4	NA	NA	NA	month	9.1	
1851	5	NA	NA	NA	month	9.6	
1851	6	NA	NA	NA	month	18.5	
1851	7	NA	NA	NA	month	17.6	
1851	8	NA	NA	NA	month	17.1	
1851	9	NA	NA	NA	month	10.9	
1851	10	NA	NA	NA	month	9.5	
1851	11	NA	NA	NA	month	0	
1851	12	NA	NA	NA	month	-2	
1852	1	NA	NA	NA	month	1.6	
1852	2	NA	NA	NA	month	1.8	
1852	3	NA	NA	NA	month	2	
1852	4	NA	NA	NA	month	8	
1852	5	NA	NA	NA	month	14.2	
1852	6	NA	NA	NA	month	16.1	
1852	7	NA	NA	NA	month	21.1	
1852	8	NA	NA	NA	month	16.9	
1852	9	NA	NA	NA	month	13.7	
1852	10	NA	NA	NA	month	8.8	
1852	11	NA	NA	NA	month	8.2	
1852	12	NA	NA	NA	month	4.3	
1853	1	NA	NA	NA	month	2.4	
1853	2	NA	NA	NA	month	-0.8	
1853	3	NA	NA	NA	month	0.2	
1853	4	NA	NA	NA	month	5.2	
1853	5	NA	NA	NA	month	11.8	
1853	6	NA	NA	NA	month	15.5	
1853	7	NA	NA	NA	month	20.3	
1853	8	NA	NA	NA	month	19.8	
1853	9	NA	NA	NA	month	14	
1853	10	NA	NA	NA	month	9.5	
1854	1	NA	NA	NA	month	-0.9	
1854	2	NA	NA	NA	month	-1.1	
1854	3	NA	NA	NA	month	4.6	
1854	4	NA	NA	NA	month	11	
1854	5	NA	NA	NA	month	13.6	
1854	6	NA	NA	NA	month	15.4	
1854	7	NA	NA	NA	month	19	
1854	8	NA	NA	NA	month	17.2	
1854	9	NA	NA	NA	month	16.4	
1854	10	NA	NA	NA	month	10.9	
1854	11	NA	NA	NA	month	2.6	
1854	12	NA	NA	NA	month	2.4	
1855	1	NA	NA	NA	month	-2.6	
1855	2	NA	NA	NA	month	0.5	
1855	3	NA	NA	NA	month	3.4	
1855	4	NA	NA	NA	month	7.2	
1855	5	NA	NA	NA	month	12.3	
1855	6	NA	NA	NA	month	17.6	
1855	7	NA	NA	NA	month	18.8	
1855	8	NA	NA	NA	month	19.9	
1855	9	NA	NA	NA	month	14.9	
1855	10	NA	NA	NA	month	12.3	
1855	11	NA	NA	NA	month	2.9	
1855	12	NA	NA	NA	month	-2.2	
1856	1	NA	NA	NA	month	1.9	
1856	2	NA	NA	NA	month	3	
1856	3	NA	NA	NA	month	4.1	
1856	5	NA	NA	NA	month	10.7	
1856	6	NA	NA	NA	month	18.6	
1856	7	NA	NA	NA	month	17.8	
1856	8	NA	NA	NA	month	20.8	
1856	9	NA	NA	NA	month	13.3	
1856	10	NA	NA	NA	month	11	
1856	11	NA	NA	NA	month	1.7	
1856	12	NA	NA	NA	month	1.1	
1857	1	NA	NA	NA	month	-0.9	
1857	2	NA	NA	NA	month	0.1	
1857	3	NA	NA	NA	month	3.1	
1857	4	NA	NA	NA	month	7.2	
1857	5	NA	NA	NA	month	15	
1857	6	NA	NA	NA	month	17.5	
1857	7	NA	NA	NA	month	21.7	
1857	8	NA	NA	NA	month	19.4	
1857	9	NA	NA	NA	month	16.2	
1857	10	NA	NA	NA	month	11.2	
1857	11	NA	NA	NA	month	4.4	
1857	12	NA	NA	NA	month	0.7	
1858	1	NA	NA	NA	month	-3.6	
1858	2	NA	NA	NA	month	-0.8	
1858	3	NA	NA	NA	month	3.5	
1858	4	NA	NA	NA	month	11.1	
1858	5	NA	NA	NA	month	10.8	
1858	6	NA	NA	NA	month	21.8	
1858	7	NA	NA	NA	month	17	
1858	8	NA	NA	NA	month	17.6	
1858	9	NA	NA	NA	month	16.4	
1858	10	NA	NA	NA	month	10.1	
1858	11	NA	NA	NA	month	1.3	
1858	12	NA	NA	NA	month	1.5	
1859	1	NA	NA	NA	month	-0.8	
1859	2	NA	NA	NA	month	1.8	
1859	3	NA	NA	NA	month	7	
1859	4	NA	NA	NA	month	8.9	
1859	5	NA	NA	NA	month	13	
1859	6	NA	NA	NA	month	17.6	
1859	7	NA	NA	NA	month	24.2	
1859	8	NA	NA	NA	month	21.4	
1859	9	NA	NA	NA	month	15.3	
1859	10	NA	NA	NA	month	11.8	
1859	11	NA	NA	NA	month	3.5	
1859	12	NA	NA	NA	month	-1.5	
1860	1	NA	NA	NA	month	2.7	
1860	2	NA	NA	NA	month	-2.6	
1860	3	NA	NA	NA	month	2	
1860	4	NA	NA	NA	month	6.6	
1860	5	NA	NA	NA	month	14.2	
1860	6	NA	NA	NA	month	16.6	
1860	7	NA	NA	NA	month	16.7	
1860	8	NA	NA	NA	month	16.4	
1860	9	NA	NA	NA	month	13.1	
1860	10	NA	NA	NA	month	9	
1860	11	NA	NA	NA	month	2.1	
1860	12	NA	NA	NA	month	0.9	
1861	1	NA	NA	NA	month	-3	
1861	2	NA	NA	NA	month	2.8	
1861	3	NA	NA	NA	month	4.7	
1861	4	NA	NA	NA	month	9	
1861	5	NA	NA	NA	month	13.4	
1861	6	NA	NA	NA	month	18.3	
1861	7	NA	NA	NA	month	18.6	
1861	8	NA	NA	NA	month	21.6	
1861	9	NA	NA	NA	month	15.7	
1861	10	NA	NA	NA	month	12.7	
1861	11	NA	NA	NA	month	5.8	
1861	12	NA	NA	NA	month	0.4	
1862	1	NA	NA	NA	month	0.6	
1862	2	NA	NA	NA	month	2.1	
1862	3	NA	NA	NA	month	7.6	
1862	4	NA	NA	NA	month	12.3	
1862	5	NA	NA	NA	month	16.4	
1862	6	NA	NA	NA	month	16.6	
1862	7	NA	NA	NA	month	20.3	
1862	8	NA	NA	NA	month	17.6	
1862	9	NA	NA	NA	month	15.1	
1862	10	NA	NA	NA	month	12.3	
1862	11	NA	NA	NA	month	4.9	
1862	12	NA	NA	NA	month	2	
1863	1	NA	NA	NA	month	2.7	
1863	2	NA	NA	NA	month	2.9	
1863	3	NA	NA	NA	month	4.5	
1863	4	NA	NA	NA	month	10.5	
1863	5	NA	NA	NA	month	14.4	
1863	7	NA	NA	NA	month	20.4	
1863	8	NA	NA	NA	month	21.2	
1863	9	NA	NA	NA	month	14.1	
1863	10	NA	NA	NA	month	11.8	
1863	11	NA	NA	NA	month	5.3	
1863	12	NA	NA	NA	month	2.5	
1864	1	NA	NA	NA	month	-4	
1864	2	NA	NA	NA	month	0.5	
1864	3	NA	NA	NA	month	6.5	
1864	4	NA	NA	NA	month	8.9	
1864	5	NA	NA	NA	month	14.2	
1864	6	NA	NA	NA	month	15.6	
1864	7	NA	NA	NA	month	19.1	
1864	8	NA	NA	NA	month	18.6	
1864	9	NA	NA	NA	month	14.8	
1864	10	NA	NA	NA	month	8.9	
1864	11	NA	NA	NA	month	4.3	
1864	12	NA	NA	NA	month	-2.2	
1865	1	NA	NA	NA	month	1.2	
1865	2	NA	NA	NA	month	-1.3	
1865	3	NA	NA	NA	month	-0.1	
1865	4	NA	NA	NA	month	15.3	
1865	5	NA	NA	NA	month	17.7	
1865	6	NA	NA	NA	month	18.9	
1865	7	NA	NA	NA	month	21.3	
1865	8	NA	NA	NA	month	17.4	
1865	9	NA	NA	NA	month	19.3	
1865	10	NA	NA	NA	month	11.6	
1865	11	NA	NA	NA	month	6.1	
1865	12	NA	NA	NA	month	-0.1	
1866	1	NA	NA	NA	month	3.5	
1866	2	NA	NA	NA	month	4.8	
1866	3	NA	NA	NA	month	4.9	
1866	4	NA	NA	NA	month	11.6	
1866	5	NA	NA	NA	month	11.4	
1866	6	NA	NA	NA	month	20.5	
1866	7	NA	NA	NA	month	20.1	
1866	8	NA	NA	NA	month	16.4	
1866	9	NA	NA	NA	month	16.4	
1866	10	NA	NA	NA	month	10.7	
1866	11	NA	NA	NA	month	5.2	
1866	12	NA	NA	NA	month	3.3	
1867	1	NA	NA	NA	month	0.7	
1867	2	NA	NA	NA	month	7.1	
1867	3	NA	NA	NA	month	4.8	
1867	4	NA	NA	NA	month	8.9	
1867	5	NA	NA	NA	month	15.1	
1867	6	NA	NA	NA	month	17.5	
1867	7	NA	NA	NA	month	18.6	
1867	8	NA	NA	NA	month	20.4	
1867	9	NA	NA	NA	month	17.1	
1867	10	NA	NA	NA	month	7.8	
1867	11	NA	NA	NA	month	2.8	
1867	12	NA	NA	NA	month	-0.8	
1868	1	NA	NA	NA	month	-1.1	
1868	2	NA	NA	NA	month	4	
1868	3	NA	NA	NA	month	3.5	
1868	4	NA	NA	NA	month	8.3	
1868	5	NA	NA	NA	month	20.4	
1868	6	NA	NA	NA	month	19.5	
1868	7	NA	NA	NA	month	19.8	
1868	8	NA	NA	NA	month	19.6	
1868	9	NA	NA	NA	month	18.9	
1868	10	NA	NA	NA	month	10.2	
1868	11	NA	NA	NA	month	3	
1868	12	NA	NA	NA	month	6.2	
1869	1	NA	NA	NA	month	-0.1	
1869	2	NA	NA	NA	month	6.1	
1869	3	NA	NA	NA	month	1.3	
1869	4	NA	NA	NA	month	12.2	
1869	5	NA	NA	NA	month	16.1	
1869	6	NA	NA	NA	month	15.1	
1869	7	NA	NA	NA	month	22.3	
1869	8	NA	NA	NA	month	17.1	
1869	9	NA	NA	NA	month	17.1	
1869	10	NA	NA	NA	month	8.1	
1869	11	NA	NA	NA	month	5	
1869	12	NA	NA	NA	month	0.4	
1870	1	NA	NA	NA	month	-1.2	
1870	2	NA	NA	NA	month	-0.9	
1870	3	NA	NA	NA	month	2.3	
1870	4	NA	NA	NA	month	10.2	
1870	5	NA	NA	NA	month	16	
1870	6	NA	NA	NA	month	19.1	
1870	7	NA	NA	NA	month	21.7	
1870	8	NA	NA	NA	month	16.7	
1870	9	NA	NA	NA	month	13.4	
1870	10	NA	NA	NA	month	9.5	
1870	11	NA	NA	NA	month	3.8	
1870	12	NA	NA	NA	month	-2.5	
1871	1	NA	NA	NA	month	-3.4	
1871	2	NA	NA	NA	month	2.2	
1871	3	NA	NA	NA	month	5.7	
1871	4	NA	NA	NA	month	8.8	
1871	5	NA	NA	NA	month	13.8	
1871	6	NA	NA	NA	month	14	
1871	7	NA	NA	NA	month	20.4	
1871	8	NA	NA	NA	month	19.8	
1871	9	NA	NA	NA	month	18.1	
1871	10	NA	NA	NA	month	7.5	
1871	11	NA	NA	NA	month	0.9	
1871	12	NA	NA	NA	month	-4.9	
1872	1	NA	NA	NA	month	0.7	
1872	2	NA	NA	NA	month	1.1	
1872	3	NA	NA	NA	month	6.7	
1872	4	NA	NA	NA	month	11	
1872	5	NA	NA	NA	month	12.5	
1872	6	NA	NA	NA	month	16.6	
1872	7	NA	NA	NA	month	20.6	
1872	8	NA	NA	NA	month	16.8	
1872	9	NA	NA	NA	month	17	
1872	10	NA	NA	NA	month	11.6	
1872	11	NA	NA	NA	month	6.7	
1872	12	NA	NA	NA	month	3.3	
1873	1	NA	NA	NA	month	1.8	
1873	2	NA	NA	NA	month	1	
1873	3	NA	NA	NA	month	6.9	
1873	4	NA	NA	NA	month	7.4	
1873	5	NA	NA	NA	month	10.7	
1873	6	NA	NA	NA	month	17.7	
1873	7	NA	NA	NA	month	21.6	
1873	8	NA	NA	NA	month	21.4	
1873	9	NA	NA	NA	month	14.4	
1873	10	NA	NA	NA	month	10.5	
1873	11	NA	NA	NA	month	4.5	
1873	12	NA	NA	NA	month	0.3	
