SEF	1.0.0
ID	AG02_Tegerfelden
Name	Tegerfelden
Lat	47.559
Lon	8.285
Alt	364
Source	CHIMES
Link	https://doi.org/10.5194/cp-15-1345-2019
Vbl	ta
Stat	mean
Units	C
Meta	Observer=Heinrich Cornelius Sutermeister|QC software=dataresqc v1.0.3 | Orig.res=subdaily | Diurnal cycle=N
Year	Month	Day	Hour	Minute	Period	Value	Meta
1843	1	NA	NA	NA	month	1.1	
1843	2	NA	NA	NA	month	3.6	
1843	3	NA	NA	NA	month	4.8	
1843	4	NA	NA	NA	month	9.8	
1843	5	NA	NA	NA	month	12.4	
1843	6	NA	NA	NA	month	14.3	
1843	7	NA	NA	NA	month	16.4	
1843	8	NA	NA	NA	month	17.5	
1843	9	NA	NA	NA	month	15	
1843	10	NA	NA	NA	month	9.4	
1843	11	NA	NA	NA	month	5.2	
1843	12	NA	NA	NA	month	1	
1845	1	NA	NA	NA	month	0.2	
1845	2	NA	NA	NA	month	-3.6	
1845	3	NA	NA	NA	month	1.4	
1845	4	NA	NA	NA	month	9.7	
1845	5	NA	NA	NA	month	10.8	
1845	6	NA	NA	NA	month	17.9	
1845	7	NA	NA	NA	month	18.5	
1845	8	NA	NA	NA	month	15.3	
1845	9	NA	NA	NA	month	15.3	
1845	10	NA	NA	NA	month	10.5	
1845	11	NA	NA	NA	month	6.5	
1845	12	NA	NA	NA	month	3.9	
1846	1	NA	NA	NA	month	-0.3	
1846	2	NA	NA	NA	month	4.4	
1846	3	NA	NA	NA	month	6.4	
1846	4	NA	NA	NA	month	9.7	
1846	5	NA	NA	NA	month	14.4	
1846	6	NA	NA	NA	month	19.6	
1846	7	NA	NA	NA	month	19.7	
1846	8	NA	NA	NA	month	19.9	
1846	9	NA	NA	NA	month	16	
1846	10	NA	NA	NA	month	10.8	
1846	11	NA	NA	NA	month	5	
1846	12	NA	NA	NA	month	-2.3	
1847	1	NA	NA	NA	month	0.3	
1847	2	NA	NA	NA	month	0.2	
1847	3	NA	NA	NA	month	3.8	
1847	4	NA	NA	NA	month	7.2	
1847	5	NA	NA	NA	month	16.3	
1847	6	NA	NA	NA	month	14.5	
1847	7	NA	NA	NA	month	19.1	
1847	8	NA	NA	NA	month	18.4	
1847	9	NA	NA	NA	month	12.7	
1847	10	NA	NA	NA	month	9.4	
1847	11	NA	NA	NA	month	5.2	
1847	12	NA	NA	NA	month	-0.6	
1848	1	NA	NA	NA	month	-5.2	
1848	2	NA	NA	NA	month	2.8	
1848	3	NA	NA	NA	month	5.4	
1848	4	NA	NA	NA	month	10.2	
1848	5	NA	NA	NA	month	14.7	
1848	6	NA	NA	NA	month	17.4	
1848	7	NA	NA	NA	month	18.6	
1848	8	NA	NA	NA	month	18.1	
1848	9	NA	NA	NA	month	14.1	
1848	10	NA	NA	NA	month	10	
1848	11	NA	NA	NA	month	3	
1848	12	NA	NA	NA	month	0.5	
1849	1	NA	NA	NA	month	1.9	
1849	2	NA	NA	NA	month	3.7	
1849	3	NA	NA	NA	month	3.6	
1849	4	NA	NA	NA	month	7.6	
1849	5	NA	NA	NA	month	14.4	
1849	6	NA	NA	NA	month	18.5	
1849	7	NA	NA	NA	month	18.7	
1849	8	NA	NA	NA	month	16.7	
1849	9	NA	NA	NA	month	15.1	
1849	10	NA	NA	NA	month	10.8	
1849	11	NA	NA	NA	month	2.2	
1849	12	NA	NA	NA	month	-0.8	
1850	1	NA	NA	NA	month	-2.7	
1850	2	NA	NA	NA	month	4.6	
1850	3	NA	NA	NA	month	2.3	
1850	4	NA	NA	NA	month	9.4	
1850	5	NA	NA	NA	month	11.8	
1850	6	NA	NA	NA	month	17.4	
1850	7	NA	NA	NA	month	17.9	
1850	8	NA	NA	NA	month	17.1	
1850	9	NA	NA	NA	month	12.2	
1850	10	NA	NA	NA	month	7.6	
1850	11	NA	NA	NA	month	6.9	
1850	12	NA	NA	NA	month	1.6	
1851	1	NA	NA	NA	month	1.5	
1851	2	NA	NA	NA	month	1.2	
1851	3	NA	NA	NA	month	4.4	
1851	4	NA	NA	NA	month	10.1	
1851	5	NA	NA	NA	month	10.8	
1851	6	NA	NA	NA	month	17.6	
1851	7	NA	NA	NA	month	17.5	
1851	8	NA	NA	NA	month	17.6	
1851	9	NA	NA	NA	month	12.1	
1851	10	NA	NA	NA	month	10.6	
1851	11	NA	NA	NA	month	0.9	
1851	12	NA	NA	NA	month	-2.2	
1852	1	NA	NA	NA	month	1.6	
1852	2	NA	NA	NA	month	3.3	
1852	3	NA	NA	NA	month	3.1	
1852	4	NA	NA	NA	month	7.9	
1852	5	NA	NA	NA	month	13.7	
1852	6	NA	NA	NA	month	16.1	
1852	7	NA	NA	NA	month	19.9	
1852	8	NA	NA	NA	month	17.2	
1852	9	NA	NA	NA	month	14.2	
1852	10	NA	NA	NA	month	9.2	
1852	11	NA	NA	NA	month	8.1	
1852	12	NA	NA	NA	month	3.8	
1853	1	NA	NA	NA	month	3.2	
1853	2	NA	NA	NA	month	0.1	
1853	3	NA	NA	NA	month	0.8	
1853	4	NA	NA	NA	month	7.7	
1853	5	NA	NA	NA	month	13.1	
1853	6	NA	NA	NA	month	16.6	
1853	7	NA	NA	NA	month	19.3	
1853	8	NA	NA	NA	month	19.3	
1853	9	NA	NA	NA	month	14.2	
1853	10	NA	NA	NA	month	10.3	
1853	11	NA	NA	NA	month	4.6	
1853	12	NA	NA	NA	month	-4	
