SEF	1.0.0
ID	GR01_Chur_Wehrli
Name	Chur
Lat	46.85
Lon	9.53
Alt	593
Source	CHIMES
Link	https://doi.org/10.5194/cp-15-1345-2019
Vbl	ta
Stat	mean
Units	C
Meta	Observer=Wehrli | Orig.res=subdaily | Diurnal cycle=Y
Year	Month	Day	Hour	Minute	Period	Value	Meta
1858	1	NA	NA	NA	month	-3.5	
1858	2	NA	NA	NA	month	0.2	
1858	3	NA	NA	NA	month	4.4	
1858	4	NA	NA	NA	month	11.9	
1858	5	NA	NA	NA	month	11.8	
1858	6	NA	NA	NA	month	21.2	
1858	7	NA	NA	NA	month	16.7	
1858	8	NA	NA	NA	month	14.8	
1858	9	NA	NA	NA	month	17.4	
1858	10	NA	NA	NA	month	11.6	
1858	11	NA	NA	NA	month	2.4	
1858	12	NA	NA	NA	month	-0.3	
1859	1	NA	NA	NA	month	-3.7	
1859	2	NA	NA	NA	month	2	
1859	3	NA	NA	NA	month	7.5	
1859	4	NA	NA	NA	month	10.5	
1859	5	NA	NA	NA	month	14.8	
1859	6	NA	NA	NA	month	18.2	
1859	7	NA	NA	NA	month	22.5	
1859	8	NA	NA	NA	month	21	
1859	9	NA	NA	NA	month	15	
1859	10	NA	NA	NA	month	12.5	
1859	11	NA	NA	NA	month	3.4	
1859	12	NA	NA	NA	month	-1.9	
1860	1	NA	NA	NA	month	2.5	
1860	2	NA	NA	NA	month	-3.3	
1860	3	NA	NA	NA	month	2.4	
1860	4	NA	NA	NA	month	8.4	
1860	5	NA	NA	NA	month	14.9	
1860	6	NA	NA	NA	month	16.9	
1860	7	NA	NA	NA	month	16.4	
1860	8	NA	NA	NA	month	16.4	
1860	9	NA	NA	NA	month	14.7	
1860	10	NA	NA	NA	month	8.9	
1860	11	NA	NA	NA	month	3.6	
1860	12	NA	NA	NA	month	1.6	
1861	1	NA	NA	NA	month	-3.7	
1861	2	NA	NA	NA	month	5.2	
1861	3	NA	NA	NA	month	5.3	
1861	4	NA	NA	NA	month	8.8	
1861	5	NA	NA	NA	month	12.9	
1861	6	NA	NA	NA	month	17.5	
1861	7	NA	NA	NA	month	17.9	
1861	8	NA	NA	NA	month	19.6	
1861	9	NA	NA	NA	month	14.8	
1861	10	NA	NA	NA	month	12.1	
1861	11	NA	NA	NA	month	5.5	
1861	12	NA	NA	NA	month	-0.8	
