SEF	1.0.0
ID	BE07_Saanen
Name	Saanen
Lat	46.49
Lon	7.26
Alt	1025
Source	CHIMES
Link	https://doi.org/10.5194/cp-15-1345-2019
Vbl	ta
Stat	mean
Units	C
Meta	Observer=Albert von Rütte|QC software=dataresqc v1.0.3 | Orig.res=subdaily | Diurnal cycle=Y
Year	Month	Day	Hour	Minute	Period	Value	Meta
1860	9	NA	NA	NA	month	10	
1860	10	NA	NA	NA	month	5.5	
1860	11	NA	NA	NA	month	-0.8	
1860	12	NA	NA	NA	month	-3.6	
1861	1	NA	NA	NA	month	-7.2	
1861	3	NA	NA	NA	month	0.4	
1861	5	NA	NA	NA	month	10.1	
1861	6	NA	NA	NA	month	13.8	
1861	7	NA	NA	NA	month	13.9	
1861	8	NA	NA	NA	month	16	
1861	9	NA	NA	NA	month	10.8	
1861	11	NA	NA	NA	month	0.9	
1862	1	NA	NA	NA	month	-4.6	
1862	2	NA	NA	NA	month	-1.8	
