SEF	1.0.0
ID	BE08_Utzenstorf
Name	Utzenstorf
Lat	47.127
Lon	7.557
Alt	474
Source	CHIMES
Link	https://doi.org/10.5194/cp-15-1345-2019
Vbl	ta
Stat	mean
Units	C
Meta	Observer=Rudolf Ludwig Fankhauser | Orig.res=subdaily | Diurnal cycle=N
Year	Month	Day	Hour	Minute	Period	Value	Meta
1834	1	NA	NA	NA	month	5.1	
1834	2	NA	NA	NA	month	1.9	
1834	3	NA	NA	NA	month	5.3	
1834	4	NA	NA	NA	month	7.2	
1834	5	NA	NA	NA	month	15.2	
1834	6	NA	NA	NA	month	17.2	
1834	7	NA	NA	NA	month	20	
1834	9	NA	NA	NA	month	18	
1834	10	NA	NA	NA	month	9.1	
1834	11	NA	NA	NA	month	4.6	
1834	12	NA	NA	NA	month	0.3	
1835	1	NA	NA	NA	month	-0.4	
1835	2	NA	NA	NA	month	2.1	
1835	3	NA	NA	NA	month	3.2	
1835	4	NA	NA	NA	month	7.9	
1835	5	NA	NA	NA	month	13.2	
1835	6	NA	NA	NA	month	15.9	
1835	7	NA	NA	NA	month	19.9	
1835	8	NA	NA	NA	month	16.5	
1835	9	NA	NA	NA	month	12.1	
1835	10	NA	NA	NA	month	6.7	
1835	11	NA	NA	NA	month	0.6	
1835	12	NA	NA	NA	month	-2.7	
1836	1	NA	NA	NA	month	-1.7	
1836	2	NA	NA	NA	month	-0.6	
1836	3	NA	NA	NA	month	5.9	
1836	4	NA	NA	NA	month	6.8	
1836	5	NA	NA	NA	month	10	
1836	6	NA	NA	NA	month	15.7	
1836	7	NA	NA	NA	month	17.7	
1836	8	NA	NA	NA	month	17.9	
1836	9	NA	NA	NA	month	12.2	
1836	10	NA	NA	NA	month	8.6	
1836	11	NA	NA	NA	month	3.6	
1836	12	NA	NA	NA	month	1.8	
1837	1	NA	NA	NA	month	-1.9	
1837	2	NA	NA	NA	month	1	
1837	3	NA	NA	NA	month	1.5	
1837	4	NA	NA	NA	month	6.1	
1837	5	NA	NA	NA	month	9.9	
1837	6	NA	NA	NA	month	17.5	
1837	7	NA	NA	NA	month	16.5	
1837	8	NA	NA	NA	month	19	
1837	9	NA	NA	NA	month	11.6	
1837	10	NA	NA	NA	month	9.6	
1837	11	NA	NA	NA	month	3.1	
1837	12	NA	NA	NA	month	1.3	
1838	1	NA	NA	NA	month	-6.3	
1838	2	NA	NA	NA	month	-0.3	
1838	3	NA	NA	NA	month	4.5	
1838	4	NA	NA	NA	month	6	
1838	5	NA	NA	NA	month	12.8	
1838	6	NA	NA	NA	month	16.4	
1838	7	NA	NA	NA	month	17.2	
1838	8	NA	NA	NA	month	15.7	
1838	9	NA	NA	NA	month	14.2	
1838	10	NA	NA	NA	month	8.6	
1838	11	NA	NA	NA	month	5	
1838	12	NA	NA	NA	month	-0.4	
1839	1	NA	NA	NA	month	-1.1	
1839	2	NA	NA	NA	month	1.4	
1839	3	NA	NA	NA	month	3.8	
1839	4	NA	NA	NA	month	5.5	
1839	5	NA	NA	NA	month	12.4	
1839	6	NA	NA	NA	month	18.1	
1839	7	NA	NA	NA	month	17.7	
1839	9	NA	NA	NA	month	13.3	
1839	10	NA	NA	NA	month	11.5	
1839	11	NA	NA	NA	month	7.3	
1839	12	NA	NA	NA	month	5	
1840	1	NA	NA	NA	month	1.8	
1840	2	NA	NA	NA	month	0.7	
1840	3	NA	NA	NA	month	1.6	
1840	4	NA	NA	NA	month	10.8	
1840	5	NA	NA	NA	month	12.8	
1840	10	NA	NA	NA	month	7.4	
1840	11	NA	NA	NA	month	6.1	
1840	12	NA	NA	NA	month	-3.3	
