SEF	1.0.0
ID	GR01_Chur_Herold
Name	Chur
Lat	46.84899
Lon	9.53237
Alt	596
Source	CHIMES
Link	https://doi.org/10.5194/cp-15-1345-2019
Vbl	ta
Stat	mean
Units	C
Meta	Observer=Leonhard Herold | Orig.res=subdaily | Diurnal cycle=N
Year	Month	Day	Hour	Minute	Period	Value	Meta
1849	12	NA	NA	NA	month	0.7	
1850	1	NA	NA	NA	month	-2	
1850	2	NA	NA	NA	month	4.1	
1850	3	NA	NA	NA	month	4	
1850	4	NA	NA	NA	month	10	
1850	5	NA	NA	NA	month	12.7	
1850	6	NA	NA	NA	month	18.4	
1850	7	NA	NA	NA	month	18.8	
1850	8	NA	NA	NA	month	18.3	
1850	9	NA	NA	NA	month	13.7	
1850	10	NA	NA	NA	month	7.2	
1850	11	NA	NA	NA	month	5.9	
1850	12	NA	NA	NA	month	1.2	
1851	1	NA	NA	NA	month	2.5	
1851	2	NA	NA	NA	month	2.5	
1851	3	NA	NA	NA	month	4.2	
1851	4	NA	NA	NA	month	10.7	
1851	5	NA	NA	NA	month	10.7	
1851	6	NA	NA	NA	month	18.2	
1851	7	NA	NA	NA	month	17.5	
1851	8	NA	NA	NA	month	17.5	
1851	9	NA	NA	NA	month	12.1	
1851	10	NA	NA	NA	month	11.1	
1851	11	NA	NA	NA	month	0	
1851	12	NA	NA	NA	month	-1.7	
1852	1	NA	NA	NA	month	2.5	
1852	2	NA	NA	NA	month	1.5	
1852	3	NA	NA	NA	month	2.2	
1852	4	NA	NA	NA	month	8.6	
1852	5	NA	NA	NA	month	14.5	
1852	6	NA	NA	NA	month	17.3	
1852	7	NA	NA	NA	month	20.3	
1852	8	NA	NA	NA	month	18	
1852	9	NA	NA	NA	month	15	
1852	10	NA	NA	NA	month	9.7	
1852	11	NA	NA	NA	month	9.7	
1852	12	NA	NA	NA	month	5.3	
1853	1	NA	NA	NA	month	4.1	
1853	2	NA	NA	NA	month	0.5	
1853	3	NA	NA	NA	month	2.1	
1853	4	NA	NA	NA	month	7	
1853	5	NA	NA	NA	month	14	
1853	6	NA	NA	NA	month	16.7	
1853	7	NA	NA	NA	month	19.5	
1853	8	NA	NA	NA	month	19.3	
1853	9	NA	NA	NA	month	15	
1853	10	NA	NA	NA	month	11.8	
1853	11	NA	NA	NA	month	5.6	
1853	12	NA	NA	NA	month	-1.9	
1854	1	NA	NA	NA	month	1.8	
1854	2	NA	NA	NA	month	-1.1	
1854	3	NA	NA	NA	month	4.7	
1854	4	NA	NA	NA	month	10.8	
1854	5	NA	NA	NA	month	14.6	
1854	6	NA	NA	NA	month	16.6	
1854	7	NA	NA	NA	month	19	
1854	8	NA	NA	NA	month	17.2	
1854	9	NA	NA	NA	month	15.4	
1854	10	NA	NA	NA	month	11.7	
1854	11	NA	NA	NA	month	3.5	
1854	12	NA	NA	NA	month	1	
1855	1	NA	NA	NA	month	-3	
1855	2	NA	NA	NA	month	3.3	
1855	3	NA	NA	NA	month	4.8	
1855	4	NA	NA	NA	month	8.4	
1855	5	NA	NA	NA	month	12.8	
1855	6	NA	NA	NA	month	16.8	
1855	7	NA	NA	NA	month	19.1	
1855	8	NA	NA	NA	month	19.5	
1855	9	NA	NA	NA	month	15.9	
1855	10	NA	NA	NA	month	12.6	
1855	11	NA	NA	NA	month	4.4	
1855	12	NA	NA	NA	month	-2.6	
1856	1	NA	NA	NA	month	4.5	
1856	2	NA	NA	NA	month	4.4	
1856	3	NA	NA	NA	month	6.4	
1856	4	NA	NA	NA	month	11.4	
1856	5	NA	NA	NA	month	13	
1856	6	NA	NA	NA	month	18.9	
1856	7	NA	NA	NA	month	17.6	
1856	8	NA	NA	NA	month	20.7	
1856	9	NA	NA	NA	month	13.9	
1856	10	NA	NA	NA	month	11.3	
1856	11	NA	NA	NA	month	1.5	
1856	12	NA	NA	NA	month	1.5	
1857	1	NA	NA	NA	month	-0.9	
1857	2	NA	NA	NA	month	0.6	
1857	3	NA	NA	NA	month	5.6	
1857	4	NA	NA	NA	month	8.4	
1857	5	NA	NA	NA	month	15	
1857	6	NA	NA	NA	month	17	
1857	7	NA	NA	NA	month	20.8	
1857	8	NA	NA	NA	month	19.9	
1857	9	NA	NA	NA	month	16.5	
1857	10	NA	NA	NA	month	12.6	
1857	11	NA	NA	NA	month	5.7	
1857	12	NA	NA	NA	month	1.1	
