SEF	1.0.0
ID	GR11_Nufenen
Name	Nufenen
Lat	46.5395
Lon	9.24468
Alt	1580
Source	CHIMES
Link	https://doi.org/10.5194/cp-15-1345-2019
Vbl	ta
Stat	mean
Units	C
Meta	Observer=Johann Friedrich Felix|QC software=dataresqc v1.0.3 | Orig.res=subdaily | Diurnal cycle=Y
Year	Month	Day	Hour	Minute	Period	Value	Meta
1835	1	NA	NA	NA	month	-4.2	
1835	2	NA	NA	NA	month	-2.9	
1835	3	NA	NA	NA	month	0.5	
1835	5	NA	NA	NA	month	9.2	
1835	6	NA	NA	NA	month	12.5	
1835	7	NA	NA	NA	month	15.7	
1835	8	NA	NA	NA	month	11.9	
1835	9	NA	NA	NA	month	9.2	
1835	10	NA	NA	NA	month	2.5	
1835	11	NA	NA	NA	month	-2.8	
1835	12	NA	NA	NA	month	-6	
1836	1	NA	NA	NA	month	-6.8	
1836	2	NA	NA	NA	month	-4.2	
1836	3	NA	NA	NA	month	3.1	
1836	4	NA	NA	NA	month	4.6	
1836	5	NA	NA	NA	month	7.3	
1836	6	NA	NA	NA	month	13.4	
1836	7	NA	NA	NA	month	15	
1836	8	NA	NA	NA	month	13.7	
1836	9	NA	NA	NA	month	8	
1836	10	NA	NA	NA	month	4.7	
1836	11	NA	NA	NA	month	-1.8	
1836	12	NA	NA	NA	month	-4.2	
1837	1	NA	NA	NA	month	-5.2	
1837	2	NA	NA	NA	month	-4.2	
1837	3	NA	NA	NA	month	-3.1	
1837	4	NA	NA	NA	month	4.6	
1837	5	NA	NA	NA	month	6.6	
1837	6	NA	NA	NA	month	14.3	
1837	7	NA	NA	NA	month	13.3	
1837	8	NA	NA	NA	month	15.9	
1837	9	NA	NA	NA	month	8.3	
1837	10	NA	NA	NA	month	3.6	
1837	11	NA	NA	NA	month	-2.5	
1837	12	NA	NA	NA	month	-3.5	
1838	1	NA	NA	NA	month	-7.1	
1838	2	NA	NA	NA	month	-4.6	
1838	3	NA	NA	NA	month	0.5	
1838	4	NA	NA	NA	month	2.2	
1838	5	NA	NA	NA	month	9.1	
1838	6	NA	NA	NA	month	12.2	
1838	7	NA	NA	NA	month	14.3	
1838	8	NA	NA	NA	month	12.1	
1838	9	NA	NA	NA	month	9.2	
1838	10	NA	NA	NA	month	4.3	
1838	11	NA	NA	NA	month	0.5	
1838	12	NA	NA	NA	month	-5.8	
1839	1	NA	NA	NA	month	-7.5	
1839	2	NA	NA	NA	month	-3	
1839	3	NA	NA	NA	month	0.3	
1839	4	NA	NA	NA	month	3.7	
1839	5	NA	NA	NA	month	8.6	
1839	6	NA	NA	NA	month	14.6	
1839	7	NA	NA	NA	month	15.5	
1840	2	NA	NA	NA	month	-5.9	
1840	3	NA	NA	NA	month	-3.8	
1840	4	NA	NA	NA	month	6.1	
1840	5	NA	NA	NA	month	10.7	
1840	6	NA	NA	NA	month	15.5	
1840	7	NA	NA	NA	month	13.9	
1840	8	NA	NA	NA	month	16.7	
1840	9	NA	NA	NA	month	10.3	
1840	10	NA	NA	NA	month	3.1	
1840	11	NA	NA	NA	month	-0.4	
1840	12	NA	NA	NA	month	-6.7	
1841	1	NA	NA	NA	month	-9.1	
1841	2	NA	NA	NA	month	-2.8	
1841	3	NA	NA	NA	month	2	
1841	4	NA	NA	NA	month	5.9	
1841	5	NA	NA	NA	month	14	
1841	6	NA	NA	NA	month	13.7	
1841	7	NA	NA	NA	month	15.5	
1841	8	NA	NA	NA	month	14.5	
1841	9	NA	NA	NA	month	13.3	
1841	10	NA	NA	NA	month	6.7	
1841	11	NA	NA	NA	month	-2.7	
1842	1	NA	NA	NA	month	-11.7	
1842	2	NA	NA	NA	month	-4.9	
1842	3	NA	NA	NA	month	-1	
1842	4	NA	NA	NA	month	2.1	
1842	5	NA	NA	NA	month	10.3	
1842	6	NA	NA	NA	month	15.5	
1842	7	NA	NA	NA	month	16.2	
1842	8	NA	NA	NA	month	17.2	
1842	9	NA	NA	NA	month	10.1	
1842	10	NA	NA	NA	month	2.5	
1842	11	NA	NA	NA	month	-1.9	
1842	12	NA	NA	NA	month	-1.5	
1843	1	NA	NA	NA	month	-7.5	
1843	2	NA	NA	NA	month	-1.9	
1843	3	NA	NA	NA	month	-2.5	
1843	4	NA	NA	NA	month	3.3	
1843	5	NA	NA	NA	month	6.9	
1843	6	NA	NA	NA	month	10	
1843	7	NA	NA	NA	month	13.1	
1843	8	NA	NA	NA	month	14.1	
1843	10	NA	NA	NA	month	4.7	
1843	11	NA	NA	NA	month	-0.7	
1843	12	NA	NA	NA	month	-4.4	
1844	1	NA	NA	NA	month	-9.5	
1844	2	NA	NA	NA	month	-9.5	
1844	3	NA	NA	NA	month	-4.3	
1844	4	NA	NA	NA	month	4.8	
1844	5	NA	NA	NA	month	7.8	
1844	6	NA	NA	NA	month	14.3	
1844	7	NA	NA	NA	month	14	
1844	8	NA	NA	NA	month	11.8	
1844	9	NA	NA	NA	month	12.7	
1844	10	NA	NA	NA	month	6.5	
1844	11	NA	NA	NA	month	0.1	
1844	12	NA	NA	NA	month	-3.7	
1845	1	NA	NA	NA	month	-3.6	
1845	2	NA	NA	NA	month	-11.8	
1845	3	NA	NA	NA	month	-3.5	
1845	4	NA	NA	NA	month	2.8	
1845	5	NA	NA	NA	month	6	
1845	6	NA	NA	NA	month	14.3	
1845	7	NA	NA	NA	month	15.8	
1845	8	NA	NA	NA	month	13.2	
1845	9	NA	NA	NA	month	13.4	
1845	10	NA	NA	NA	month	6.5	
1845	11	NA	NA	NA	month	0.9	
1845	12	NA	NA	NA	month	-5.1	
1846	1	NA	NA	NA	month	-5.2	
1846	2	NA	NA	NA	month	-4.5	
1846	3	NA	NA	NA	month	0	
1846	4	NA	NA	NA	month	4.2	
1846	5	NA	NA	NA	month	9.8	
1846	6	NA	NA	NA	month	14.4	
1846	7	NA	NA	NA	month	15.9	
