SEF	1.0.0
ID	GR01_Chur_Killias
Name	Chur
Lat	46.84899
Lon	9.53237
Alt	596
Source	CHIMES
Link	https://doi.org/10.5194/cp-15-1345-2019
Vbl	ta
Stat	mean
Units	C
Meta	Observer=Eduard Killias | Orig.res=subdaily | Diurnal cycle=Y
Year	Month	Day	Hour	Minute	Period	Value	Meta
1862	1	NA	NA	NA	month	-0.9	
1862	2	NA	NA	NA	month	2.5	
1862	3	NA	NA	NA	month	9.2	
1862	4	NA	NA	NA	month	12.4	
1862	5	NA	NA	NA	month	15.8	
1862	6	NA	NA	NA	month	15.8	
1862	7	NA	NA	NA	month	19	
1862	8	NA	NA	NA	month	17.1	
1862	9	NA	NA	NA	month	15.4	
1862	10	NA	NA	NA	month	12.2	
1862	11	NA	NA	NA	month	6.1	
1862	12	NA	NA	NA	month	1.4	
1863	1	NA	NA	NA	month	2.7	
1863	2	NA	NA	NA	month	2.2	
1863	3	NA	NA	NA	month	5.5	
1863	4	NA	NA	NA	month	10.5	
1863	5	NA	NA	NA	month	15.1	
1863	6	NA	NA	NA	month	16.5	
1863	7	NA	NA	NA	month	18.1	
1863	8	NA	NA	NA	month	19.5	
1863	9	NA	NA	NA	month	13.8	
1863	10	NA	NA	NA	month	12.2	
1863	11	NA	NA	NA	month	4.5	
1863	12	NA	NA	NA	month	0.7	
1864	1	NA	NA	NA	month	-5.7	
1864	2	NA	NA	NA	month	1.2	
1864	3	NA	NA	NA	month	6.9	
1864	4	NA	NA	NA	month	7.8	
1864	5	NA	NA	NA	month	13.3	
1864	6	NA	NA	NA	month	15.3	
1864	7	NA	NA	NA	month	17.1	
1864	8	NA	NA	NA	month	16.4	
1864	9	NA	NA	NA	month	14	
1864	10	NA	NA	NA	month	9.1	
1864	11	NA	NA	NA	month	4.1	
1864	12	NA	NA	NA	month	-1.1	
