SEF	1.0.0
ID	LU01_Luzern_Ineichen
Name	Luzern
Lat	47.052
Lon	8.304
Alt	435
Source	CHIMES
Link	https://doi.org/10.5194/cp-15-1345-2019
Vbl	ta
Stat	mean
Units	C
Meta	Observer=Josef Ineichen|QC software=dataresqc v1.0.3 | Orig.res=subdaily | Diurnal cycle=Y
Year	Month	Day	Hour	Minute	Period	Value	Meta
1826	4	NA	NA	NA	month	9.6	
1826	5	NA	NA	NA	month	11.2	
1826	6	NA	NA	NA	month	16.2	
1826	7	NA	NA	NA	month	18.8	
1826	8	NA	NA	NA	month	21	
1826	9	NA	NA	NA	month	17.6	
1826	10	NA	NA	NA	month	12.5	
1826	11	NA	NA	NA	month	5.3	
1826	12	NA	NA	NA	month	2.8	
1827	1	NA	NA	NA	month	0.8	
1827	2	NA	NA	NA	month	-0.9	
1827	3	NA	NA	NA	month	7.5	
1827	4	NA	NA	NA	month	11.8	
1827	5	NA	NA	NA	month	15.8	
1827	6	NA	NA	NA	month	17.7	
1827	7	NA	NA	NA	month	22.3	
1827	8	NA	NA	NA	month	18.5	
1827	9	NA	NA	NA	month	14.9	
1827	10	NA	NA	NA	month	12.7	
1827	11	NA	NA	NA	month	4.4	
1827	12	NA	NA	NA	month	7.5	
1828	1	NA	NA	NA	month	4.9	
1828	2	NA	NA	NA	month	5.5	
1828	3	NA	NA	NA	month	7.7	
1828	4	NA	NA	NA	month	9.5	
1828	5	NA	NA	NA	month	15.7	
1828	6	NA	NA	NA	month	18	
1828	7	NA	NA	NA	month	19.4	
1828	8	NA	NA	NA	month	18.4	
1828	9	NA	NA	NA	month	17.8	
1829	6	NA	NA	NA	month	15.7	
1829	7	NA	NA	NA	month	18.6	
1829	8	NA	NA	NA	month	17.5	
1829	9	NA	NA	NA	month	14.1	
1829	10	NA	NA	NA	month	10.4	
1829	11	NA	NA	NA	month	5.1	
1829	12	NA	NA	NA	month	-1.5	
1830	1	NA	NA	NA	month	-5.8	
1831	9	NA	NA	NA	month	12.4	
1831	10	NA	NA	NA	month	11.4	
1831	11	NA	NA	NA	month	5.3	
1831	12	NA	NA	NA	month	1.1	
1832	1	NA	NA	NA	month	-1	
1832	2	NA	NA	NA	month	0.7	
1832	3	NA	NA	NA	month	4.1	
1832	4	NA	NA	NA	month	10.3	
