SEF	1.0.0
ID	AG01_Aarau_Zschogge
Name	Aarau
Lat	47.393
Lon	8.043
Alt	384
Source	CHIMES
Link	https://doi.org/10.5194/cp-15-1345-2019
Vbl	ta
Stat	mean
Units	C
Meta	Observer=Heinrich Zschokke,Theodor Zschokke|QC software=dataresqc v1.0.3 | Orig.res=subdaily | Diurnal cycle=N
Year	Month	Day	Hour	Minute	Period	Value	Meta
1807	1	NA	NA	NA	month	-1.1	
1807	2	NA	NA	NA	month	4.3	
1807	3	NA	NA	NA	month	3.4	
1807	4	NA	NA	NA	month	10.1	
1807	5	NA	NA	NA	month	17.1	
1807	6	NA	NA	NA	month	18.3	
1807	7	NA	NA	NA	month	22.9	
1807	8	NA	NA	NA	month	23.4	
1807	9	NA	NA	NA	month	15.3	
1807	10	NA	NA	NA	month	13.1	
1807	11	NA	NA	NA	month	8.1	
1807	12	NA	NA	NA	month	0	
1808	1	NA	NA	NA	month	0.1	
1808	2	NA	NA	NA	month	0.1	
1808	3	NA	NA	NA	month	3.8	
1808	4	NA	NA	NA	month	9	
1808	5	NA	NA	NA	month	18.2	
1808	6	NA	NA	NA	month	17.5	
1808	7	NA	NA	NA	month	21.7	
1808	8	NA	NA	NA	month	20.7	
1808	9	NA	NA	NA	month	16.1	
1808	10	NA	NA	NA	month	8.8	
1808	11	NA	NA	NA	month	5.9	
1808	12	NA	NA	NA	month	-3.2	
1809	1	NA	NA	NA	month	2.3	
1809	2	NA	NA	NA	month	5.1	
1809	3	NA	NA	NA	month	6.6	
1809	4	NA	NA	NA	month	6.2	
1809	5	NA	NA	NA	month	14.7	
1809	6	NA	NA	NA	month	17.1	
1809	7	NA	NA	NA	month	18.8	
1809	8	NA	NA	NA	month	17.8	
1809	9	NA	NA	NA	month	14.3	
1809	10	NA	NA	NA	month	9.1	
1809	11	NA	NA	NA	month	2.9	
1809	12	NA	NA	NA	month	2.1	
1810	1	NA	NA	NA	month	-4.5	
1810	2	NA	NA	NA	month	-1.2	
1810	3	NA	NA	NA	month	9.2	
1810	4	NA	NA	NA	month	10.2	
1810	5	NA	NA	NA	month	16.3	
1810	6	NA	NA	NA	month	17.8	
1810	7	NA	NA	NA	month	18.9	
1810	8	NA	NA	NA	month	19.1	
1810	9	NA	NA	NA	month	18.4	
1810	10	NA	NA	NA	month	12	
1810	11	NA	NA	NA	month	6.2	
1810	12	NA	NA	NA	month	3.4	
1811	1	NA	NA	NA	month	-3.3	
1811	2	NA	NA	NA	month	4.4	
1811	3	NA	NA	NA	month	9.2	
1811	4	NA	NA	NA	month	12.8	
1811	5	NA	NA	NA	month	17.9	
1811	6	NA	NA	NA	month	20.4	
1811	7	NA	NA	NA	month	21.6	
1811	8	NA	NA	NA	month	19.2	
1811	9	NA	NA	NA	month	17.3	
1811	10	NA	NA	NA	month	14.4	
1811	11	NA	NA	NA	month	7.9	
1811	12	NA	NA	NA	month	3	
1812	1	NA	NA	NA	month	-3.8	
1812	2	NA	NA	NA	month	5.2	
1812	3	NA	NA	NA	month	6.8	
1812	4	NA	NA	NA	month	8.5	
1812	5	NA	NA	NA	month	16.3	
1812	6	NA	NA	NA	month	16.3	
1812	7	NA	NA	NA	month	18.6	
1812	8	NA	NA	NA	month	18.7	
1812	9	NA	NA	NA	month	15.3	
1812	10	NA	NA	NA	month	11.6	
1812	11	NA	NA	NA	month	4.1	
1812	12	NA	NA	NA	month	-1	
1813	1	NA	NA	NA	month	-1	
1813	2	NA	NA	NA	month	4.7	
1813	3	NA	NA	NA	month	6.1	
1813	4	NA	NA	NA	month	11.4	
1813	5	NA	NA	NA	month	15.7	
1813	6	NA	NA	NA	month	17.3	
1813	7	NA	NA	NA	month	17.2	
1813	8	NA	NA	NA	month	17.8	
1813	9	NA	NA	NA	month	15.2	
1813	10	NA	NA	NA	month	10.9	
1813	11	NA	NA	NA	month	5.6	
1813	12	NA	NA	NA	month	2.8	
1814	1	NA	NA	NA	month	-1.5	
1814	2	NA	NA	NA	month	-2.5	
1814	3	NA	NA	NA	month	4.1	
1814	4	NA	NA	NA	month	12.6	
1814	5	NA	NA	NA	month	14.3	
1814	6	NA	NA	NA	month	16.9	
1814	7	NA	NA	NA	month	19.5	
1814	8	NA	NA	NA	month	18.1	
1814	9	NA	NA	NA	month	14.3	
1814	10	NA	NA	NA	month	9.8	
1814	11	NA	NA	NA	month	7	
1814	12	NA	NA	NA	month	4.5	
1815	1	NA	NA	NA	month	-3.3	
1815	2	NA	NA	NA	month	5.1	
1815	3	NA	NA	NA	month	8.1	
1815	4	NA	NA	NA	month	12.1	
1815	5	NA	NA	NA	month	16.8	
1815	6	NA	NA	NA	month	17.3	
1815	7	NA	NA	NA	month	17.9	
1815	8	NA	NA	NA	month	16.9	
1815	9	NA	NA	NA	month	16.3	
1815	10	NA	NA	NA	month	11.3	
1815	11	NA	NA	NA	month	2.9	
1815	12	NA	NA	NA	month	-0.4	
1816	1	NA	NA	NA	month	-0.1	
1816	2	NA	NA	NA	month	-0.8	
1816	3	NA	NA	NA	month	4.1	
1816	4	NA	NA	NA	month	9.7	
1816	5	NA	NA	NA	month	13.1	
1816	6	NA	NA	NA	month	14.9	
1816	7	NA	NA	NA	month	15.3	
1816	8	NA	NA	NA	month	16.6	
1816	9	NA	NA	NA	month	14.7	
1816	10	NA	NA	NA	month	11	
1816	11	NA	NA	NA	month	2.9	
1816	12	NA	NA	NA	month	-0.3	
1817	1	NA	NA	NA	month	1.7	
1817	2	NA	NA	NA	month	4.2	
1817	3	NA	NA	NA	month	3.9	
1817	4	NA	NA	NA	month	6.2	
1817	5	NA	NA	NA	month	13.3	
1817	6	NA	NA	NA	month	18.6	
1817	7	NA	NA	NA	month	17.9	
1817	8	NA	NA	NA	month	17.7	
1817	9	NA	NA	NA	month	17.7	
1817	10	NA	NA	NA	month	7.3	
1817	11	NA	NA	NA	month	6.1	
1817	12	NA	NA	NA	month	0.2	
1818	1	NA	NA	NA	month	1.5	
1818	2	NA	NA	NA	month	3	
1818	3	NA	NA	NA	month	5	
1818	4	NA	NA	NA	month	11.4	
1818	5	NA	NA	NA	month	14.5	
1818	6	NA	NA	NA	month	19.1	
1818	7	NA	NA	NA	month	20.2	
1818	9	NA	NA	NA	month	14.5	
1818	10	NA	NA	NA	month	9.6	
1818	11	NA	NA	NA	month	6.7	
1818	12	NA	NA	NA	month	0.1	
1819	1	NA	NA	NA	month	0.2	
1819	2	NA	NA	NA	month	2.2	
1819	3	NA	NA	NA	month	5.5	
1819	4	NA	NA	NA	month	11	
1819	5	NA	NA	NA	month	14.7	
1819	6	NA	NA	NA	month	16.7	
1819	7	NA	NA	NA	month	19	
1819	8	NA	NA	NA	month	18.3	
1819	9	NA	NA	NA	month	15.2	
1819	10	NA	NA	NA	month	9.8	
1819	11	NA	NA	NA	month	3.5	
1819	12	NA	NA	NA	month	1.1	
1820	1	NA	NA	NA	month	-3	
1820	2	NA	NA	NA	month	1.9	
1820	3	NA	NA	NA	month	2.9	
1820	4	NA	NA	NA	month	11.6	
1820	5	NA	NA	NA	month	14.3	
1820	6	NA	NA	NA	month	15.3	
1820	7	NA	NA	NA	month	18.1	
1820	8	NA	NA	NA	month	20.3	
1820	9	NA	NA	NA	month	13.3	
1820	10	NA	NA	NA	month	8.8	
1820	11	NA	NA	NA	month	2.1	
1820	12	NA	NA	NA	month	-0.2	
1821	2	NA	NA	NA	month	-1.7	
1821	3	NA	NA	NA	month	5.3	
1821	4	NA	NA	NA	month	11	
1821	5	NA	NA	NA	month	12.5	
1821	6	NA	NA	NA	month	14.8	
1821	7	NA	NA	NA	month	17.1	
1821	8	NA	NA	NA	month	18.4	
1821	9	NA	NA	NA	month	15.8	
1821	10	NA	NA	NA	month	9.9	
1821	11	NA	NA	NA	month	6.7	
1821	12	NA	NA	NA	month	4	
1822	1	NA	NA	NA	month	0.8	
1822	2	NA	NA	NA	month	3.8	
1822	3	NA	NA	NA	month	8.4	
1822	4	NA	NA	NA	month	10.4	
1822	5	NA	NA	NA	month	16.9	
1822	6	NA	NA	NA	month	21.9	
1822	7	NA	NA	NA	month	19.4	
1822	8	NA	NA	NA	month	18.4	
1822	9	NA	NA	NA	month	15.4	
1822	10	NA	NA	NA	month	11.6	
1822	11	NA	NA	NA	month	6.8	
1822	12	NA	NA	NA	month	-4.2	
1823	1	NA	NA	NA	month	-3.5	
1823	2	NA	NA	NA	month	1.7	
1823	3	NA	NA	NA	month	2.7	
1823	4	NA	NA	NA	month	7.5	
1823	5	NA	NA	NA	month	13.5	
1823	6	NA	NA	NA	month	14.7	
1823	7	NA	NA	NA	month	16.5	
1823	8	NA	NA	NA	month	17.6	
1823	9	NA	NA	NA	month	14.5	
1823	10	NA	NA	NA	month	8.7	
1823	11	NA	NA	NA	month	2.5	
1823	12	NA	NA	NA	month	2.2	
1824	1	NA	NA	NA	month	-2.3	
1824	2	NA	NA	NA	month	1.7	
1824	3	NA	NA	NA	month	2.2	
1824	4	NA	NA	NA	month	6.6	
1824	5	NA	NA	NA	month	12.1	
1824	6	NA	NA	NA	month	15.1	
1824	7	NA	NA	NA	month	19	
1824	8	NA	NA	NA	month	16.5	
1824	9	NA	NA	NA	month	14.8	
1824	10	NA	NA	NA	month	8.6	
1824	11	NA	NA	NA	month	7.3	
1824	12	NA	NA	NA	month	4.4	
1825	1	NA	NA	NA	month	0.1	
1825	2	NA	NA	NA	month	-0.5	
1825	3	NA	NA	NA	month	2.9	
1825	4	NA	NA	NA	month	10.8	
1825	5	NA	NA	NA	month	13.2	
1825	6	NA	NA	NA	month	16.7	
1825	7	NA	NA	NA	month	17.7	
1825	8	NA	NA	NA	month	17.4	
1825	9	NA	NA	NA	month	15.5	
1825	10	NA	NA	NA	month	9.4	
1825	11	NA	NA	NA	month	5.4	
1825	12	NA	NA	NA	month	3.7	
1826	1	NA	NA	NA	month	-4.6	
1826	2	NA	NA	NA	month	4	
1826	3	NA	NA	NA	month	5.8	
1826	4	NA	NA	NA	month	8.6	
1826	5	NA	NA	NA	month	11.5	
1826	6	NA	NA	NA	month	17	
1826	7	NA	NA	NA	month	20.1	
1826	8	NA	NA	NA	month	19.7	
1826	9	NA	NA	NA	month	15.4	
1826	10	NA	NA	NA	month	10.8	
1826	11	NA	NA	NA	month	2.8	
1826	12	NA	NA	NA	month	0.2	
1827	1	NA	NA	NA	month	-1.4	
1827	2	NA	NA	NA	month	-2.5	
1827	3	NA	NA	NA	month	5.2	
1827	4	NA	NA	NA	month	9.8	
1827	5	NA	NA	NA	month	14.7	
1827	6	NA	NA	NA	month	16.5	
1827	7	NA	NA	NA	month	20.1	
1827	8	NA	NA	NA	month	16.4	
1827	9	NA	NA	NA	month	13.8	
1827	10	NA	NA	NA	month	11.7	
1827	11	NA	NA	NA	month	3.3	
1827	12	NA	NA	NA	month	5.5	
1828	1	NA	NA	NA	month	3.5	
1828	2	NA	NA	NA	month	3.5	
1828	3	NA	NA	NA	month	7	
1828	4	NA	NA	NA	month	10.8	
1828	5	NA	NA	NA	month	14.9	
1828	6	NA	NA	NA	month	18.5	
1828	7	NA	NA	NA	month	19.4	
1828	8	NA	NA	NA	month	17.4	
1828	9	NA	NA	NA	month	15.6	
1828	10	NA	NA	NA	month	10.2	
1828	11	NA	NA	NA	month	5.4	
1828	12	NA	NA	NA	month	2.3	
1829	1	NA	NA	NA	month	-2.5	
1829	2	NA	NA	NA	month	0	
1829	3	NA	NA	NA	month	6.2	
1829	4	NA	NA	NA	month	10.5	
1829	5	NA	NA	NA	month	14.4	
1829	6	NA	NA	NA	month	16.7	
1829	7	NA	NA	NA	month	19	
1829	8	NA	NA	NA	month	16.4	
1829	9	NA	NA	NA	month	13	
1829	10	NA	NA	NA	month	8.4	
1829	11	NA	NA	NA	month	1.4	
1829	12	NA	NA	NA	month	-2.7	
1830	1	NA	NA	NA	month	-5.3	
1830	2	NA	NA	NA	month	-0.7	
1830	3	NA	NA	NA	month	8.4	
1830	4	NA	NA	NA	month	13.2	
1830	5	NA	NA	NA	month	16.4	
1830	6	NA	NA	NA	month	18.2	
1830	7	NA	NA	NA	month	20.8	
1830	8	NA	NA	NA	month	18.7	
1830	9	NA	NA	NA	month	13.8	
1830	10	NA	NA	NA	month	10.4	
1830	11	NA	NA	NA	month	6.4	
1830	12	NA	NA	NA	month	1.9	
1831	1	NA	NA	NA	month	-1.5	
1831	2	NA	NA	NA	month	2.2	
1831	3	NA	NA	NA	month	7.7	
1831	4	NA	NA	NA	month	11.3	
1831	5	NA	NA	NA	month	14.6	
1831	6	NA	NA	NA	month	16.8	
1831	7	NA	NA	NA	month	19.1	
1831	8	NA	NA	NA	month	17.6	
1831	9	NA	NA	NA	month	14.1	
1831	10	NA	NA	NA	month	13.8	
1831	11	NA	NA	NA	month	6.6	
1831	12	NA	NA	NA	month	3	
1832	1	NA	NA	NA	month	-0.4	
1832	2	NA	NA	NA	month	2.3	
1832	3	NA	NA	NA	month	5.9	
1832	4	NA	NA	NA	month	10	
1832	5	NA	NA	NA	month	12	
1832	6	NA	NA	NA	month	15.6	
1832	7	NA	NA	NA	month	19.4	
1832	8	NA	NA	NA	month	21.2	
1832	9	NA	NA	NA	month	14.3	
1832	10	NA	NA	NA	month	10	
1832	11	NA	NA	NA	month	5	
1832	12	NA	NA	NA	month	2.5	
1833	1	NA	NA	NA	month	-2.4	
1833	2	NA	NA	NA	month	5.8	
1833	3	NA	NA	NA	month	5.2	
1833	4	NA	NA	NA	month	9.1	
1833	5	NA	NA	NA	month	18.6	
1833	6	NA	NA	NA	month	18.7	
1833	7	NA	NA	NA	month	18.7	
1833	8	NA	NA	NA	month	17	
1833	9	NA	NA	NA	month	13.8	
1833	10	NA	NA	NA	month	10.5	
1833	11	NA	NA	NA	month	5.9	
1833	12	NA	NA	NA	month	6.1	
1834	1	NA	NA	NA	month	6.1	
1834	2	NA	NA	NA	month	3.4	
1834	3	NA	NA	NA	month	6.8	
1834	4	NA	NA	NA	month	9.1	
1834	5	NA	NA	NA	month	17.5	
1834	6	NA	NA	NA	month	19.9	
1834	7	NA	NA	NA	month	23	
1834	8	NA	NA	NA	month	21.1	
1834	9	NA	NA	NA	month	18.5	
1834	10	NA	NA	NA	month	10.7	
1834	11	NA	NA	NA	month	5.6	
1834	12	NA	NA	NA	month	0.9	
1835	1	NA	NA	NA	month	1.2	
1835	2	NA	NA	NA	month	2.6	
1835	3	NA	NA	NA	month	4	
1835	4	NA	NA	NA	month	8	
1835	5	NA	NA	NA	month	13.8	
1835	6	NA	NA	NA	month	17.2	
1835	7	NA	NA	NA	month	21	
1835	8	NA	NA	NA	month	18.9	
1835	9	NA	NA	NA	month	15.1	
1835	10	NA	NA	NA	month	8.4	
1835	11	NA	NA	NA	month	1.2	
1835	12	NA	NA	NA	month	-2.7	
1836	1	NA	NA	NA	month	-1.3	
1836	2	NA	NA	NA	month	1.1	
1836	3	NA	NA	NA	month	7.5	
1836	4	NA	NA	NA	month	9.1	
1836	5	NA	NA	NA	month	12.1	
1836	6	NA	NA	NA	month	17.6	
1836	7	NA	NA	NA	month	20	
1836	8	NA	NA	NA	month	19.2	
1836	9	NA	NA	NA	month	13.9	
1836	10	NA	NA	NA	month	6.7	
1836	11	NA	NA	NA	month	5.2	
1836	12	NA	NA	NA	month	2.6	
1837	1	NA	NA	NA	month	0.2	
1837	2	NA	NA	NA	month	2.2	
1837	3	NA	NA	NA	month	2.2	
1837	4	NA	NA	NA	month	7.7	
1837	5	NA	NA	NA	month	12.2	
1837	6	NA	NA	NA	month	20.2	
1837	7	NA	NA	NA	month	19.9	
1837	8	NA	NA	NA	month	22	
1837	9	NA	NA	NA	month	13.4	
1837	10	NA	NA	NA	month	10.9	
1837	11	NA	NA	NA	month	6.1	
1837	12	NA	NA	NA	month	4.7	
1838	1	NA	NA	NA	month	-1.9	
1838	2	NA	NA	NA	month	2.7	
1838	3	NA	NA	NA	month	7	
1838	4	NA	NA	NA	month	6.8	
1838	5	NA	NA	NA	month	13.5	
1838	6	NA	NA	NA	month	17.2	
1838	7	NA	NA	NA	month	18.9	
1838	8	NA	NA	NA	month	17.2	
1838	9	NA	NA	NA	month	14.9	
1838	10	NA	NA	NA	month	9.8	
1838	11	NA	NA	NA	month	5.8	
1838	12	NA	NA	NA	month	-0.1	
1839	1	NA	NA	NA	month	-0.3	
1839	2	NA	NA	NA	month	3.2	
1839	3	NA	NA	NA	month	5.1	
1839	4	NA	NA	NA	month	8.1	
1839	5	NA	NA	NA	month	14.8	
1839	6	NA	NA	NA	month	21.6	
1839	7	NA	NA	NA	month	21.4	
1839	8	NA	NA	NA	month	17.5	
1839	9	NA	NA	NA	month	15.9	
1839	10	NA	NA	NA	month	12.9	
1839	11	NA	NA	NA	month	7.6	
1839	12	NA	NA	NA	month	4.5	
1840	1	NA	NA	NA	month	2.3	
1840	2	NA	NA	NA	month	1	
1840	3	NA	NA	NA	month	2.4	
1840	4	NA	NA	NA	month	12.4	
1840	5	NA	NA	NA	month	15.9	
1840	6	NA	NA	NA	month	19.5	
1840	7	NA	NA	NA	month	18.8	
1840	8	NA	NA	NA	month	20.2	
1840	9	NA	NA	NA	month	16.6	
1840	10	NA	NA	NA	month	8.5	
1840	11	NA	NA	NA	month	6.9	
1840	12	NA	NA	NA	month	-4.2	
1841	1	NA	NA	NA	month	-1.5	
1841	2	NA	NA	NA	month	0.7	
1841	3	NA	NA	NA	month	7.8	
1841	4	NA	NA	NA	month	10.7	
1841	5	NA	NA	NA	month	19	
1841	6	NA	NA	NA	month	17.5	
1841	7	NA	NA	NA	month	18.9	
1841	8	NA	NA	NA	month	18.8	
1841	9	NA	NA	NA	month	17.6	
1841	10	NA	NA	NA	month	11.9	
1841	11	NA	NA	NA	month	5	
1841	12	NA	NA	NA	month	3.9	
1842	1	NA	NA	NA	month	-2.6	
1842	2	NA	NA	NA	month	-2	
1842	3	NA	NA	NA	month	6.4	
1842	4	NA	NA	NA	month	10.2	
1842	5	NA	NA	NA	month	17.2	
1842	6	NA	NA	NA	month	21.5	
1842	7	NA	NA	NA	month	20.9	
1842	8	NA	NA	NA	month	21.7	
1842	9	NA	NA	NA	month	15.1	
1842	10	NA	NA	NA	month	7.5	
1842	11	NA	NA	NA	month	3.2	
1842	12	NA	NA	NA	month	1.3	
1843	1	NA	NA	NA	month	1.7	
1843	2	NA	NA	NA	month	4.5	
1843	3	NA	NA	NA	month	5.8	
1843	4	NA	NA	NA	month	11.7	
1843	5	NA	NA	NA	month	14.7	
1843	6	NA	NA	NA	month	17.1	
1843	7	NA	NA	NA	month	19	
1843	8	NA	NA	NA	month	19.8	
1843	9	NA	NA	NA	month	17.3	
1843	10	NA	NA	NA	month	10.9	
1843	11	NA	NA	NA	month	5.7	
1843	12	NA	NA	NA	month	1.3	
1844	1	NA	NA	NA	month	-1.3	
1844	2	NA	NA	NA	month	0.5	
1844	3	NA	NA	NA	month	4.8	
1844	4	NA	NA	NA	month	12.6	
1844	5	NA	NA	NA	month	14.9	
1844	6	NA	NA	NA	month	20.5	
1844	7	NA	NA	NA	month	19.1	
1844	8	NA	NA	NA	month	16.9	
1844	9	NA	NA	NA	month	17.3	
1844	10	NA	NA	NA	month	11.5	
1844	11	NA	NA	NA	month	6.8	
1844	12	NA	NA	NA	month	-1.2	
1845	1	NA	NA	NA	month	0.9	
1845	2	NA	NA	NA	month	-3.1	
1845	3	NA	NA	NA	month	2.3	
1845	4	NA	NA	NA	month	11.7	
1845	5	NA	NA	NA	month	13.8	
1845	6	NA	NA	NA	month	20	
1845	7	NA	NA	NA	month	20.2	
1845	8	NA	NA	NA	month	17.7	
1845	9	NA	NA	NA	month	17	
1845	10	NA	NA	NA	month	12.3	
1845	11	NA	NA	NA	month	7.3	
1845	12	NA	NA	NA	month	3.9	
1846	1	NA	NA	NA	month	0	
1846	2	NA	NA	NA	month	4.9	
1846	3	NA	NA	NA	month	7.7	
1846	4	NA	NA	NA	month	10.8	
1846	5	NA	NA	NA	month	16.5	
1846	6	NA	NA	NA	month	21.8	
1846	7	NA	NA	NA	month	21.4	
1846	8	NA	NA	NA	month	21.3	
1846	9	NA	NA	NA	month	17.6	
1846	10	NA	NA	NA	month	12.8	
1846	11	NA	NA	NA	month	6.8	
1846	12	NA	NA	NA	month	-1.4	
1847	1	NA	NA	NA	month	0.4	
1847	2	NA	NA	NA	month	0.7	
1847	3	NA	NA	NA	month	4.6	
1847	4	NA	NA	NA	month	8.2	
1847	5	NA	NA	NA	month	18.5	
1847	6	NA	NA	NA	month	17	
1847	7	NA	NA	NA	month	21.9	
1847	8	NA	NA	NA	month	20	
1847	9	NA	NA	NA	month	14	
1847	10	NA	NA	NA	month	10.6	
1847	11	NA	NA	NA	month	5.4	
1847	12	NA	NA	NA	month	-0.5	
1848	1	NA	NA	NA	month	-5.4	
1848	2	NA	NA	NA	month	3	
1848	3	NA	NA	NA	month	6.3	
1848	4	NA	NA	NA	month	11.9	
1848	5	NA	NA	NA	month	18	
1848	6	NA	NA	NA	month	19.7	
1848	8	NA	NA	NA	month	18.6	
1848	9	NA	NA	NA	month	14.9	
1848	10	NA	NA	NA	month	10.2	
1848	11	NA	NA	NA	month	2.8	
1848	12	NA	NA	NA	month	1.2	
1849	1	NA	NA	NA	month	2.5	
1849	2	NA	NA	NA	month	4.5	
1849	3	NA	NA	NA	month	5.1	
1849	4	NA	NA	NA	month	8.1	
1849	5	NA	NA	NA	month	15.2	
1849	6	NA	NA	NA	month	19.7	
1849	7	NA	NA	NA	month	20.3	
1849	8	NA	NA	NA	month	18	
1849	9	NA	NA	NA	month	16.9	
1849	10	NA	NA	NA	month	11.1	
1849	11	NA	NA	NA	month	2.5	
1849	12	NA	NA	NA	month	-0.6	
1850	1	NA	NA	NA	month	-2.8	
1850	2	NA	NA	NA	month	4.8	
1850	3	NA	NA	NA	month	2.6	
1850	4	NA	NA	NA	month	9.2	
1850	5	NA	NA	NA	month	12.9	
1850	6	NA	NA	NA	month	18.7	
1850	7	NA	NA	NA	month	19.5	
1850	8	NA	NA	NA	month	18.4	
1850	9	NA	NA	NA	month	12.9	
1850	10	NA	NA	NA	month	7	
1850	11	NA	NA	NA	month	6.9	
1850	12	NA	NA	NA	month	1.5	
1851	1	NA	NA	NA	month	1.4	
1851	2	NA	NA	NA	month	0.8	
1851	3	NA	NA	NA	month	3.9	
1851	4	NA	NA	NA	month	9.3	
1851	5	NA	NA	NA	month	9.8	
1851	6	NA	NA	NA	month	17.5	
1851	7	NA	NA	NA	month	16.4	
1851	8	NA	NA	NA	month	17	
1851	9	NA	NA	NA	month	10.9	
1851	10	NA	NA	NA	month	9.1	
1851	11	NA	NA	NA	month	-0.2	
1851	12	NA	NA	NA	month	-3.5	
1852	1	NA	NA	NA	month	-0.2	
1852	2	NA	NA	NA	month	1.7	
1852	3	NA	NA	NA	month	2.1	
1852	4	NA	NA	NA	month	6.7	
1852	5	NA	NA	NA	month	12.5	
1852	6	NA	NA	NA	month	15.2	
1852	7	NA	NA	NA	month	18.5	
1852	8	NA	NA	NA	month	16.2	
1852	9	NA	NA	NA	month	13	
1852	10	NA	NA	NA	month	7.6	
1852	11	NA	NA	NA	month	6.3	
1852	12	NA	NA	NA	month	2.3	
1853	1	NA	NA	NA	month	1.9	
1853	2	NA	NA	NA	month	-0.4	
1853	3	NA	NA	NA	month	0.2	
1853	4	NA	NA	NA	month	5.9	
1853	5	NA	NA	NA	month	11.7	
1853	6	NA	NA	NA	month	15.3	
1853	7	NA	NA	NA	month	17.7	
1853	8	NA	NA	NA	month	17.8	
1853	9	NA	NA	NA	month	13	
1853	10	NA	NA	NA	month	8.9	
1853	11	NA	NA	NA	month	3.8	
1853	12	NA	NA	NA	month	-4.2	
1854	1	NA	NA	NA	month	-1.8	
1854	2	NA	NA	NA	month	-2	
1854	3	NA	NA	NA	month	3.7	
1854	4	NA	NA	NA	month	8.9	
1854	5	NA	NA	NA	month	13.3	
1854	6	NA	NA	NA	month	14.9	
1854	7	NA	NA	NA	month	17.5	
1854	8	NA	NA	NA	month	15.8	
1854	9	NA	NA	NA	month	13.2	
1854	10	NA	NA	NA	month	9	
1854	11	NA	NA	NA	month	2.4	
1854	12	NA	NA	NA	month	1.8	
1855	1	NA	NA	NA	month	-2.9	
1855	2	NA	NA	NA	month	0.9	
1855	3	NA	NA	NA	month	4.2	
1855	4	NA	NA	NA	month	9.5	
1855	5	NA	NA	NA	month	12.8	
1855	6	NA	NA	NA	month	17.8	
1855	7	NA	NA	NA	month	19.6	
1855	8	NA	NA	NA	month	21	
1855	9	NA	NA	NA	month	16.9	
1855	10	NA	NA	NA	month	12.4	
1855	11	NA	NA	NA	month	4.1	
1855	12	NA	NA	NA	month	-2.1	
1856	1	NA	NA	NA	month	2	
1856	2	NA	NA	NA	month	3.7	
1856	3	NA	NA	NA	month	5.8	
1856	4	NA	NA	NA	month	10.6	
1856	5	NA	NA	NA	month	11.8	
1856	6	NA	NA	NA	month	18.8	
1856	7	NA	NA	NA	month	18.5	
1856	8	NA	NA	NA	month	20.7	
1856	9	NA	NA	NA	month	14.2	
1856	10	NA	NA	NA	month	10.9	
1856	11	NA	NA	NA	month	1.6	
1856	12	NA	NA	NA	month	0.9	
1857	1	NA	NA	NA	month	-0.8	
1857	2	NA	NA	NA	month	-0.2	
1857	3	NA	NA	NA	month	4.5	
1857	4	NA	NA	NA	month	8.3	
1857	5	NA	NA	NA	month	14.8	
1857	6	NA	NA	NA	month	17.1	
1857	7	NA	NA	NA	month	20.9	
1857	8	NA	NA	NA	month	19.2	
1857	9	NA	NA	NA	month	16.5	
1857	10	NA	NA	NA	month	11.5	
1857	11	NA	NA	NA	month	4.4	
1857	12	NA	NA	NA	month	0.5	
1858	1	NA	NA	NA	month	-3.6	
1858	2	NA	NA	NA	month	-0.7	
1858	3	NA	NA	NA	month	3.9	
1858	4	NA	NA	NA	month	11.8	
1858	5	NA	NA	NA	month	11.9	
1858	6	NA	NA	NA	month	20.4	
1858	7	NA	NA	NA	month	17.5	
1858	8	NA	NA	NA	month	17.5	
1858	9	NA	NA	NA	month	16.8	
1858	10	NA	NA	NA	month	10.7	
1858	11	NA	NA	NA	month	1	
1858	12	NA	NA	NA	month	1.5	
1859	1	NA	NA	NA	month	-1.4	
1859	2	NA	NA	NA	month	2.3	
1859	3	NA	NA	NA	month	7.5	
1859	4	NA	NA	NA	month	9.5	
1859	5	NA	NA	NA	month	14.4	
1859	6	NA	NA	NA	month	17.4	
1859	7	NA	NA	NA	month	22.5	
1859	8	NA	NA	NA	month	20.4	
1859	9	NA	NA	NA	month	15	
1859	10	NA	NA	NA	month	11.6	
1859	11	NA	NA	NA	month	3.1	
1859	12	NA	NA	NA	month	-2	
1860	1	NA	NA	NA	month	2.4	
1860	2	NA	NA	NA	month	-1.5	
1860	3	NA	NA	NA	month	3.9	
1860	4	NA	NA	NA	month	8.1	
1860	5	NA	NA	NA	month	14.7	
1860	6	NA	NA	NA	month	16.6	
1860	7	NA	NA	NA	month	16.9	
1860	8	NA	NA	NA	month	16.6	
1860	9	NA	NA	NA	month	14.1	
1860	10	NA	NA	NA	month	9.5	
1860	11	NA	NA	NA	month	2.1	
1860	12	NA	NA	NA	month	1	
1861	1	NA	NA	NA	month	-3.5	
1861	2	NA	NA	NA	month	1.5	
1861	3	NA	NA	NA	month	6	
1861	4	NA	NA	NA	month	9.1	
1861	5	NA	NA	NA	month	13.5	
1861	6	NA	NA	NA	month	18.2	
1861	7	NA	NA	NA	month	18.4	
1861	8	NA	NA	NA	month	20.6	
1861	9	NA	NA	NA	month	14.9	
1861	10	NA	NA	NA	month	12.5	
1861	11	NA	NA	NA	month	5.1	
1861	12	NA	NA	NA	month	0.1	
1862	1	NA	NA	NA	month	0.5	
1862	2	NA	NA	NA	month	2.8	
1862	3	NA	NA	NA	month	8.2	
1862	4	NA	NA	NA	month	12.5	
1862	5	NA	NA	NA	month	16.6	
1862	6	NA	NA	NA	month	16.6	
1862	7	NA	NA	NA	month	19.5	
1862	8	NA	NA	NA	month	17.8	
1862	9	NA	NA	NA	month	15.9	
1862	10	NA	NA	NA	month	12	
1862	11	NA	NA	NA	month	4.8	
1862	12	NA	NA	NA	month	1.1	
1863	1	NA	NA	NA	month	2.4	
1863	2	NA	NA	NA	month	3	
1863	3	NA	NA	NA	month	5.6	
1863	4	NA	NA	NA	month	11.6	
1863	5	NA	NA	NA	month	15.2	
1863	6	NA	NA	NA	month	17.1	
1863	7	NA	NA	NA	month	19	
1863	8	NA	NA	NA	month	20.1	
1863	9	NA	NA	NA	month	14.1	
1863	10	NA	NA	NA	month	10.9	
1863	11	NA	NA	NA	month	5.5	
1863	12	NA	NA	NA	month	1.9	
1864	1	NA	NA	NA	month	-5.5	
1864	2	NA	NA	NA	month	-0.1	
1864	3	NA	NA	NA	month	5.7	
1864	4	NA	NA	NA	month	8.5	
1864	5	NA	NA	NA	month	13.9	
1864	6	NA	NA	NA	month	16.2	
1864	7	NA	NA	NA	month	18.4	
1864	8	NA	NA	NA	month	16.4	
1864	9	NA	NA	NA	month	13.3	
1864	10	NA	NA	NA	month	7.2	
1864	11	NA	NA	NA	month	3.5	
1864	12	NA	NA	NA	month	-2.8	
1865	1	NA	NA	NA	month	0.4	
1865	2	NA	NA	NA	month	-1.5	
1865	3	NA	NA	NA	month	0.3	
1865	4	NA	NA	NA	month	13.2	
1865	5	NA	NA	NA	month	16.1	
1865	6	NA	NA	NA	month	17.6	
1865	7	NA	NA	NA	month	19.7	
1865	8	NA	NA	NA	month	16.4	
1865	9	NA	NA	NA	month	15.1	
1865	10	NA	NA	NA	month	9.7	
1865	11	NA	NA	NA	month	4.7	
1865	12	NA	NA	NA	month	-0.9	
