SEF	1.0.0
ID	GR02_Bevers_Bovelin
Name	Bever
Lat	46.55309
Lon	9.89009
Alt	1708
Source	CHIMES
Link	https://doi.org/10.5194/cp-15-1345-2019
Vbl	ta
Stat	mean
Units	C
Meta	Observer=Melchior Bovelin|QC software=dataresqc v1.0.3 | Orig.res=subdaily | Diurnal cycle=Y
Year	Month	Day	Hour	Minute	Period	Value	Meta
1826	9	NA	NA	NA	month	9.4	
1826	10	NA	NA	NA	month	4.3	
1826	11	NA	NA	NA	month	-3.5	
1826	12	NA	NA	NA	month	-6.4	
1827	1	NA	NA	NA	month	-8.5	
1827	2	NA	NA	NA	month	-6.9	
1827	3	NA	NA	NA	month	0.6	
1827	4	NA	NA	NA	month	4	
1827	5	NA	NA	NA	month	8	
1827	6	NA	NA	NA	month	12	
1827	7	NA	NA	NA	month	16.5	
1827	8	NA	NA	NA	month	11.8	
1827	9	NA	NA	NA	month	8.9	
1827	10	NA	NA	NA	month	6.9	
1827	11	NA	NA	NA	month	-5.9	
1827	12	NA	NA	NA	month	-6.1	
1828	1	NA	NA	NA	month	-6.8	
1828	2	NA	NA	NA	month	-6.2	
1828	3	NA	NA	NA	month	-1.1	
1828	4	NA	NA	NA	month	2.1	
1828	5	NA	NA	NA	month	8.1	
1828	6	NA	NA	NA	month	11.1	
1828	7	NA	NA	NA	month	13	
1828	8	NA	NA	NA	month	11	
1828	9	NA	NA	NA	month	8	
1828	10	NA	NA	NA	month	2.6	
1829	1	NA	NA	NA	month	-11	
1829	2	NA	NA	NA	month	-8.7	
1829	3	NA	NA	NA	month	-2	
1829	4	NA	NA	NA	month	1.8	
1829	5	NA	NA	NA	month	7.4	
1829	6	NA	NA	NA	month	8.2	
1829	7	NA	NA	NA	month	13.2	
1829	8	NA	NA	NA	month	9.3	
1829	9	NA	NA	NA	month	6.7	
1829	10	NA	NA	NA	month	3.6	
1829	11	NA	NA	NA	month	-4.6	
1829	12	NA	NA	NA	month	-12	
1830	1	NA	NA	NA	month	-13.1	
1830	2	NA	NA	NA	month	-6.6	
1830	3	NA	NA	NA	month	-0.5	
1830	4	NA	NA	NA	month	4	
1830	5	NA	NA	NA	month	8.3	
1830	6	NA	NA	NA	month	9.5	
1830	7	NA	NA	NA	month	14.5	
1830	8	NA	NA	NA	month	12.7	
1830	9	NA	NA	NA	month	5.9	
1830	10	NA	NA	NA	month	2.5	
1830	11	NA	NA	NA	month	-3.1	
1830	12	NA	NA	NA	month	-7.5	
1831	1	NA	NA	NA	month	-9.5	
1831	2	NA	NA	NA	month	-6.4	
1831	3	NA	NA	NA	month	-1	
1831	4	NA	NA	NA	month	4.2	
1831	5	NA	NA	NA	month	7.4	
1831	6	NA	NA	NA	month	9.6	
1831	7	NA	NA	NA	month	12.1	
1831	8	NA	NA	NA	month	11.4	
1831	9	NA	NA	NA	month	6	
1831	10	NA	NA	NA	month	5	
1831	11	NA	NA	NA	month	-4.7	
1831	12	NA	NA	NA	month	-6.5	
