SEF	1.0.0
ID	GR01_Chur_Salis-Marschlins
Name	Chur
Lat	46.84899
Lon	9.53237
Alt	596
Source	CHIMES
Link	https://doi.org/10.5194/cp-15-1345-2019
Vbl	ta
Stat	mean
Units	C
Meta	Observer=Johann Rudolf von Salis-Marschlins|QC software=dataresqc v1.0.3 | Orig.res=subdaily | Diurnal cycle=Y
Year	Month	Day	Hour	Minute	Period	Value	Meta
1785	3	NA	NA	NA	month	-1.8	
1786	1	NA	NA	NA	month	0.5	
1786	2	NA	NA	NA	month	0.5	
1786	3	NA	NA	NA	month	3.4	
1786	4	NA	NA	NA	month	11.5	
1786	8	NA	NA	NA	month	23.2	
1786	9	NA	NA	NA	month	14.5	
1787	5	NA	NA	NA	month	11.1	
1787	7	NA	NA	NA	month	18.9	
1787	8	NA	NA	NA	month	19.5	
1787	9	NA	NA	NA	month	15.3	
1787	11	NA	NA	NA	month	5.5	
1787	12	NA	NA	NA	month	3.2	
1789	7	NA	NA	NA	month	16.8	
1789	8	NA	NA	NA	month	17.9	
1789	9	NA	NA	NA	month	12.8	
1789	12	NA	NA	NA	month	0.1	
1790	1	NA	NA	NA	month	-0.5	
1790	2	NA	NA	NA	month	1.5	
1790	3	NA	NA	NA	month	3.5	
