SEF	1.0.0
ID	GR01_Chur_Buol
Name	Chur
Lat	46.84899
Lon	9.53237
Alt	596
Source	CHIMES
Link	https://doi.org/10.5194/cp-15-1345-2019
Vbl	ta
Stat	mean
Units	C
Meta	Observer=Major A. Buol | Orig.res=subdaily | Diurnal cycle=N
Year	Month	Day	Hour	Minute	Period	Value	Meta
1860	1	NA	NA	NA	month	3.8	
1860	2	NA	NA	NA	month	-1.7	
1860	3	NA	NA	NA	month	3.7	
1860	4	NA	NA	NA	month	9.5	
1860	5	NA	NA	NA	month	14.8	
1860	6	NA	NA	NA	month	18.2	
1860	7	NA	NA	NA	month	17.3	
1860	8	NA	NA	NA	month	17.3	
1860	9	NA	NA	NA	month	15.5	
1860	10	NA	NA	NA	month	9.9	
1860	11	NA	NA	NA	month	4.7	
1860	12	NA	NA	NA	month	2.9	
1861	1	NA	NA	NA	month	-1.3	
1861	2	NA	NA	NA	month	6.7	
1861	3	NA	NA	NA	month	6.6	
1861	4	NA	NA	NA	month	9.7	
1861	5	NA	NA	NA	month	14.2	
1861	6	NA	NA	NA	month	19.1	
1861	7	NA	NA	NA	month	19.1	
1861	8	NA	NA	NA	month	20.7	
1861	9	NA	NA	NA	month	15.4	
1861	10	NA	NA	NA	month	13.1	
1861	11	NA	NA	NA	month	6.7	
1861	12	NA	NA	NA	month	1	
1862	1	NA	NA	NA	month	0.6	
1862	2	NA	NA	NA	month	3.7	
1862	3	NA	NA	NA	month	10.1	
1862	4	NA	NA	NA	month	13.6	
1862	5	NA	NA	NA	month	17.5	
1862	6	NA	NA	NA	month	18.3	
1862	7	NA	NA	NA	month	20.9	
1862	8	NA	NA	NA	month	18.9	
1862	9	NA	NA	NA	month	16.8	
1862	10	NA	NA	NA	month	13.2	
1862	11	NA	NA	NA	month	7.5	
1862	12	NA	NA	NA	month	2.6	
1863	1	NA	NA	NA	month	4.3	
1863	2	NA	NA	NA	month	3.5	
1863	3	NA	NA	NA	month	6.7	
1863	4	NA	NA	NA	month	12.2	
1863	5	NA	NA	NA	month	16.5	
1863	6	NA	NA	NA	month	18.6	
1863	7	NA	NA	NA	month	19.9	
1863	8	NA	NA	NA	month	21.1	
1863	9	NA	NA	NA	month	15.1	
1863	10	NA	NA	NA	month	13	
1863	11	NA	NA	NA	month	6	
1863	12	NA	NA	NA	month	2.1	
1864	1	NA	NA	NA	month	-3.1	
1864	2	NA	NA	NA	month	2.4	
1864	3	NA	NA	NA	month	8	
1864	4	NA	NA	NA	month	9	
1864	5	NA	NA	NA	month	14.8	
1864	6	NA	NA	NA	month	17.8	
1864	7	NA	NA	NA	month	19.5	
1864	8	NA	NA	NA	month	18.2	
1864	9	NA	NA	NA	month	15.2	
1864	10	NA	NA	NA	month	9.9	
1864	11	NA	NA	NA	month	5.7	
1864	12	NA	NA	NA	month	0.9	
1865	1	NA	NA	NA	month	2.4	
1865	2	NA	NA	NA	month	0	
1865	3	NA	NA	NA	month	1.8	
1865	4	NA	NA	NA	month	14.4	
1865	5	NA	NA	NA	month	18.7	
1865	6	NA	NA	NA	month	18.1	
1865	7	NA	NA	NA	month	21.5	
1865	8	NA	NA	NA	month	18.8	
1865	9	NA	NA	NA	month	18	
1865	10	NA	NA	NA	month	12.1	
1865	11	NA	NA	NA	month	7.3	
1865	12	NA	NA	NA	month	0.1	
