SEF	1.0.0
ID	AR01_Herisau_Merz
Name	Herisau
Lat	47.385
Lon	9.279
Alt	770
Source	CHIMES
Link	https://doi.org/10.5194/cp-15-1345-2019
Vbl	ta
Stat	mean
Units	C
Meta	Observer=Johann Ludwig Merz|QC software=dataresqc v1.0.3 | Orig.res=subdaily | Diurnal cycle=Y
Year	Month	Day	Hour	Minute	Period	Value	Meta
1821	10	NA	NA	NA	month	7.2	
1821	11	NA	NA	NA	month	5.9	
1821	12	NA	NA	NA	month	3	
1822	1	NA	NA	NA	month	-2.1	
1822	2	NA	NA	NA	month	1.1	
1822	3	NA	NA	NA	month	6.6	
1822	4	NA	NA	NA	month	7.2	
1822	5	NA	NA	NA	month	13.3	
1822	6	NA	NA	NA	month	19	
1822	7	NA	NA	NA	month	16.5	
1822	8	NA	NA	NA	month	15.1	
1822	9	NA	NA	NA	month	12.4	
1822	10	NA	NA	NA	month	9.6	
1822	11	NA	NA	NA	month	5.7	
1822	12	NA	NA	NA	month	-5	
1823	1	NA	NA	NA	month	-4.1	
1823	2	NA	NA	NA	month	0.3	
1823	3	NA	NA	NA	month	1.1	
1823	4	NA	NA	NA	month	4.6	
1823	5	NA	NA	NA	month	12.1	
1823	6	NA	NA	NA	month	12.2	
1823	7	NA	NA	NA	month	14.5	
1823	8	NA	NA	NA	month	16.6	
1823	9	NA	NA	NA	month	13.6	
1823	10	NA	NA	NA	month	6.8	
1823	11	NA	NA	NA	month	2	
1823	12	NA	NA	NA	month	1.8	
1824	1	NA	NA	NA	month	-3	
1824	2	NA	NA	NA	month	1.2	
1824	3	NA	NA	NA	month	0.6	
1824	4	NA	NA	NA	month	4.1	
1824	5	NA	NA	NA	month	10.2	
1824	6	NA	NA	NA	month	13	
1824	7	NA	NA	NA	month	17.1	
1824	8	NA	NA	NA	month	15.2	
1824	9	NA	NA	NA	month	14.1	
1824	10	NA	NA	NA	month	8.2	
1824	11	NA	NA	NA	month	5.2	
1824	12	NA	NA	NA	month	3.4	
1825	1	NA	NA	NA	month	-2	
1825	2	NA	NA	NA	month	-1.6	
1825	3	NA	NA	NA	month	0.5	
1825	4	NA	NA	NA	month	9.2	
1825	5	NA	NA	NA	month	11.4	
1825	6	NA	NA	NA	month	13.9	
1825	7	NA	NA	NA	month	16	
1825	8	NA	NA	NA	month	15.7	
1825	9	NA	NA	NA	month	14	
1825	10	NA	NA	NA	month	7.3	
1825	11	NA	NA	NA	month	3.9	
1825	12	NA	NA	NA	month	4.4	
1826	1	NA	NA	NA	month	-6.9	
1826	2	NA	NA	NA	month	1.6	
1826	3	NA	NA	NA	month	4	
1826	4	NA	NA	NA	month	7	
1826	5	NA	NA	NA	month	9.1	
1826	6	NA	NA	NA	month	13.7	
1826	7	NA	NA	NA	month	16.9	
1826	8	NA	NA	NA	month	18.8	
1826	9	NA	NA	NA	month	14.7	
1826	10	NA	NA	NA	month	8.6	
1826	11	NA	NA	NA	month	0.5	
1826	12	NA	NA	NA	month	-1.1	
1827	1	NA	NA	NA	month	-4.3	
1827	2	NA	NA	NA	month	-5.1	
1827	3	NA	NA	NA	month	3.6	
1827	4	NA	NA	NA	month	7.4	
1827	5	NA	NA	NA	month	12	
1827	6	NA	NA	NA	month	13.7	
1827	7	NA	NA	NA	month	18.5	
1827	8	NA	NA	NA	month	14.5	
1827	9	NA	NA	NA	month	12.6	
1827	10	NA	NA	NA	month	8.4	
1827	11	NA	NA	NA	month	-1.4	
1827	12	NA	NA	NA	month	2.8	
1828	1	NA	NA	NA	month	1.7	
1828	2	NA	NA	NA	month	-0.5	
1828	3	NA	NA	NA	month	2.2	
1828	4	NA	NA	NA	month	6.5	
1828	5	NA	NA	NA	month	12.3	
1828	6	NA	NA	NA	month	14.9	
1828	7	NA	NA	NA	month	16.7	
1828	8	NA	NA	NA	month	14.3	
1828	9	NA	NA	NA	month	13.5	
1828	10	NA	NA	NA	month	7.1	
1828	11	NA	NA	NA	month	4.3	
1829	1	NA	NA	NA	month	-6.1	
1829	2	NA	NA	NA	month	-3.1	
1829	3	NA	NA	NA	month	2.6	
1829	4	NA	NA	NA	month	7.2	
1829	5	NA	NA	NA	month	11.7	
1829	6	NA	NA	NA	month	13.2	
1829	7	NA	NA	NA	month	16.4	
1829	8	NA	NA	NA	month	14.1	
1829	9	NA	NA	NA	month	10.9	
1829	10	NA	NA	NA	month	5.9	
1829	11	NA	NA	NA	month	-0.2	
1829	12	NA	NA	NA	month	-7	
1830	1	NA	NA	NA	month	-8.6	
1830	2	NA	NA	NA	month	-3.6	
1830	3	NA	NA	NA	month	5.8	
1830	5	NA	NA	NA	month	12.7	
1830	6	NA	NA	NA	month	14.1	
1830	7	NA	NA	NA	month	17.5	
1830	8	NA	NA	NA	month	16	
1830	9	NA	NA	NA	month	10.3	
1830	10	NA	NA	NA	month	7.4	
1830	11	NA	NA	NA	month	3.8	
1830	12	NA	NA	NA	month	-1.6	
1831	1	NA	NA	NA	month	-4.2	
1831	2	NA	NA	NA	month	0.8	
1831	3	NA	NA	NA	month	3.8	
1831	4	NA	NA	NA	month	9.1	
1831	5	NA	NA	NA	month	11.5	
1831	6	NA	NA	NA	month	13.6	
