SEF	1.0.0
ID	ZH03_Winterthur_Unknown
Name	Winterthur
Lat	47.496
Lon	8.73
Alt	470
Source	CHIMES
Link	https://doi.org/10.5194/cp-15-1345-2019
Vbl	ta
Stat	mean
Units	C
Meta	Observer=Unknown|QC software=dataresqc v1.0.3 | Orig.res=subdaily | Diurnal cycle=Y
Year	Month	Day	Hour	Minute	Period	Value	Meta
1808	7	NA	NA	NA	month	23.3	
1808	8	NA	NA	NA	month	21.9	
1808	9	NA	NA	NA	month	16.7	
1808	10	NA	NA	NA	month	8	
1808	11	NA	NA	NA	month	5.2	
1808	12	NA	NA	NA	month	-4.4	
1809	1	NA	NA	NA	month	1.5	
1809	2	NA	NA	NA	month	4.8	
1809	3	NA	NA	NA	month	4.5	
1809	4	NA	NA	NA	month	6	
1809	5	NA	NA	NA	month	16.2	
1809	6	NA	NA	NA	month	19	
1809	7	NA	NA	NA	month	20.6	
1809	8	NA	NA	NA	month	20.3	
1809	9	NA	NA	NA	month	16	
1809	10	NA	NA	NA	month	8.4	
1809	11	NA	NA	NA	month	2	
1809	12	NA	NA	NA	month	0.9	
1810	1	NA	NA	NA	month	-5.9	
1810	2	NA	NA	NA	month	-3.3	
1810	3	NA	NA	NA	month	8.5	
1810	4	NA	NA	NA	month	9.5	
1810	5	NA	NA	NA	month	16.5	
1810	6	NA	NA	NA	month	18.5	
1810	7	NA	NA	NA	month	19.8	
1810	8	NA	NA	NA	month	19.7	
1810	9	NA	NA	NA	month	19.1	
1810	10	NA	NA	NA	month	11.6	
1810	11	NA	NA	NA	month	4.9	
1810	12	NA	NA	NA	month	2.4	
1811	1	NA	NA	NA	month	-5.3	
1811	2	NA	NA	NA	month	3.1	
1811	3	NA	NA	NA	month	6.3	
1811	4	NA	NA	NA	month	12.5	
1811	5	NA	NA	NA	month	18.7	
1811	6	NA	NA	NA	month	22.3	
1811	7	NA	NA	NA	month	23.2	
1811	8	NA	NA	NA	month	20.2	
1811	9	NA	NA	NA	month	16.3	
1811	10	NA	NA	NA	month	13.3	
1811	11	NA	NA	NA	month	5.6	
1811	12	NA	NA	NA	month	-1	
1812	1	NA	NA	NA	month	-6.1	
1812	2	NA	NA	NA	month	2.5	
1812	3	NA	NA	NA	month	4.7	
1812	4	NA	NA	NA	month	6.7	
1812	5	NA	NA	NA	month	17.5	
1812	6	NA	NA	NA	month	19.6	
1812	7	NA	NA	NA	month	19.9	
1812	8	NA	NA	NA	month	19.4	
1812	9	NA	NA	NA	month	15.4	
1812	10	NA	NA	NA	month	11.2	
1812	11	NA	NA	NA	month	1.8	
1812	12	NA	NA	NA	month	-3.7	
1813	1	NA	NA	NA	month	-4	
1813	2	NA	NA	NA	month	1.8	
1813	3	NA	NA	NA	month	2.6	
1813	4	NA	NA	NA	month	9.3	
1813	5	NA	NA	NA	month	15.2	
1813	6	NA	NA	NA	month	15.2	
1813	7	NA	NA	NA	month	16.1	
1813	8	NA	NA	NA	month	15.8	
1813	9	NA	NA	NA	month	12.2	
1813	10	NA	NA	NA	month	8.8	
1813	11	NA	NA	NA	month	3.2	
1813	12	NA	NA	NA	month	-1.4	
1814	1	NA	NA	NA	month	-4.2	
1814	2	NA	NA	NA	month	-5.7	
1814	3	NA	NA	NA	month	0.5	
1814	4	NA	NA	NA	month	9.2	
1814	5	NA	NA	NA	month	11.3	
1814	6	NA	NA	NA	month	14.6	
1814	7	NA	NA	NA	month	17.8	
1814	8	NA	NA	NA	month	16	
1814	9	NA	NA	NA	month	10.6	
1814	11	NA	NA	NA	month	4.7	
1814	12	NA	NA	NA	month	2.2	
1815	1	NA	NA	NA	month	-5.1	
1815	2	NA	NA	NA	month	3	
1815	3	NA	NA	NA	month	6	
1815	4	NA	NA	NA	month	8.7	
1815	5	NA	NA	NA	month	14.2	
1815	6	NA	NA	NA	month	14.9	
1815	7	NA	NA	NA	month	15.7	
1815	8	NA	NA	NA	month	15.2	
1815	9	NA	NA	NA	month	12.9	
1815	10	NA	NA	NA	month	8.7	
1815	11	NA	NA	NA	month	0.6	
1815	12	NA	NA	NA	month	-2.4	
1816	1	NA	NA	NA	month	-1.5	
1816	2	NA	NA	NA	month	-3.1	
1816	3	NA	NA	NA	month	2.3	
1816	4	NA	NA	NA	month	7.1	
