SEF	1.0.0
ID	SO01_Solothurn
Name	Solothurn
Lat	47.20784
Lon	7.53746
Alt	434
Source	CHIMES
Link	https://doi.org/10.5194/cp-15-1345-2019
Vbl	ta
Stat	mean
Units	C
Meta	Observer=Franz Joseph Hugi|QC software=dataresqc v1.0.3 | Orig.res=subdaily | Diurnal cycle=Y
Year	Month	Day	Hour	Minute	Period	Value	Meta
1826	4	NA	NA	NA	month	8.9	
1826	5	NA	NA	NA	month	11.7	
1826	6	NA	NA	NA	month	16.7	
1826	7	NA	NA	NA	month	19.1	
1826	8	NA	NA	NA	month	20.2	
1826	9	NA	NA	NA	month	15.8	
1826	10	NA	NA	NA	month	10.1	
1826	11	NA	NA	NA	month	3	
1826	12	NA	NA	NA	month	1.3	
1827	1	NA	NA	NA	month	-1.4	
1827	2	NA	NA	NA	month	-2.7	
1827	3	NA	NA	NA	month	5	
1827	4	NA	NA	NA	month	11.3	
1827	5	NA	NA	NA	month	15	
1827	6	NA	NA	NA	month	16.5	
1827	7	NA	NA	NA	month	21	
1827	8	NA	NA	NA	month	17.3	
1827	9	NA	NA	NA	month	14.1	
1827	10	NA	NA	NA	month	10.2	
1827	11	NA	NA	NA	month	2.1	
1827	12	NA	NA	NA	month	4.6	
1828	10	NA	NA	NA	month	9.6	
1828	11	NA	NA	NA	month	5	
1828	12	NA	NA	NA	month	2.5	
1829	1	NA	NA	NA	month	-2.9	
1829	2	NA	NA	NA	month	-0.2	
1829	3	NA	NA	NA	month	5.6	
1829	4	NA	NA	NA	month	10.1	
1829	5	NA	NA	NA	month	13.9	
1829	6	NA	NA	NA	month	15.4	
1829	7	NA	NA	NA	month	18	
1829	8	NA	NA	NA	month	16.2	
1830	1	NA	NA	NA	month	-6.1	
1830	2	NA	NA	NA	month	-1.7	
1830	3	NA	NA	NA	month	8.1	
1830	4	NA	NA	NA	month	11.4	
1830	5	NA	NA	NA	month	14.2	
1830	6	NA	NA	NA	month	15.4	
1830	7	NA	NA	NA	month	18.9	
1830	8	NA	NA	NA	month	17.6	
1830	9	NA	NA	NA	month	12.2	
1830	10	NA	NA	NA	month	9.3	
1830	11	NA	NA	NA	month	5.9	
1830	12	NA	NA	NA	month	0.2	
1831	1	NA	NA	NA	month	-2	
1831	2	NA	NA	NA	month	1.1	
1831	3	NA	NA	NA	month	7.5	
1831	4	NA	NA	NA	month	11.1	
