SEF	1.0.0
ID	SZ01_Einsiedeln
Name	Einsiedeln
Lat	47.12671
Lon	8.75194
Alt	906
Source	CHIMES
Link	https://doi.org/10.5194/cp-15-1345-2019
Vbl	ta
Stat	mean
Units	C
Meta	Observer=Bernhard Foresti,Pius Regli, Raphael Kuhn|QC software=dataresqc v1.0.3 | Orig.res=subdaily | Diurnal cycle=N
Year	Month	Day	Hour	Minute	Period	Value	Meta
1820	2	NA	NA	NA	month	-4.5	
1820	3	NA	NA	NA	month	-5.2	
1821	2	NA	NA	NA	month	-8.9	
1822	1	NA	NA	NA	month	-6.4	
1822	2	NA	NA	NA	month	-6.9	
1823	1	NA	NA	NA	month	-8.3	
1825	2	NA	NA	NA	month	-8.1	
1825	3	NA	NA	NA	month	-7.3	
1826	1	NA	NA	NA	month	-15.9	
1826	2	NA	NA	NA	month	-2.7	
1830	1	NA	NA	NA	month	-13.8	
1833	1	NA	NA	NA	month	-8.1	
1833	2	NA	NA	NA	month	0.7	
1833	3	NA	NA	NA	month	-0.7	
1833	4	NA	NA	NA	month	1.4	
1833	12	NA	NA	NA	month	2.7	
1834	1	NA	NA	NA	month	0.9	
1834	2	NA	NA	NA	month	-3.8	
1834	3	NA	NA	NA	month	-0.4	
1834	4	NA	NA	NA	month	0.9	
1834	5	NA	NA	NA	month	9.9	
1834	6	NA	NA	NA	month	12.2	
1834	7	NA	NA	NA	month	14.3	
1834	8	NA	NA	NA	month	12.9	
1834	9	NA	NA	NA	month	11.4	
1834	10	NA	NA	NA	month	4.8	
1834	11	NA	NA	NA	month	-0.2	
1834	12	NA	NA	NA	month	-5.2	
1835	1	NA	NA	NA	month	-3.6	
1835	2	NA	NA	NA	month	-1.7	
1835	3	NA	NA	NA	month	-1	
1835	4	NA	NA	NA	month	2.2	
1835	5	NA	NA	NA	month	8.4	
1835	6	NA	NA	NA	month	10.6	
1835	7	NA	NA	NA	month	14.2	
1835	8	NA	NA	NA	month	11.6	
1835	9	NA	NA	NA	month	8.5	
1835	10	NA	NA	NA	month	4.2	
1835	11	NA	NA	NA	month	-1.1	
1835	12	NA	NA	NA	month	-4.3	
1836	1	NA	NA	NA	month	-3.7	
1836	2	NA	NA	NA	month	-1.5	
1836	3	NA	NA	NA	month	4.2	
1836	4	NA	NA	NA	month	5.2	
1836	5	NA	NA	NA	month	7.9	
1836	6	NA	NA	NA	month	14.4	
1836	7	NA	NA	NA	month	16.1	
1836	8	NA	NA	NA	month	15.4	
1836	9	NA	NA	NA	month	10.8	
1836	10	NA	NA	NA	month	6.1	
1836	11	NA	NA	NA	month	1.6	
1836	12	NA	NA	NA	month	0	
1837	1	NA	NA	NA	month	-4	
1837	2	NA	NA	NA	month	-1.9	
1837	3	NA	NA	NA	month	-1.9	
1837	4	NA	NA	NA	month	4	
1837	5	NA	NA	NA	month	7.6	
1837	6	NA	NA	NA	month	15.4	
1837	7	NA	NA	NA	month	15.5	
1837	8	NA	NA	NA	month	17.2	
1837	9	NA	NA	NA	month	10.1	
1837	10	NA	NA	NA	month	6.5	
1837	11	NA	NA	NA	month	1.7	
1837	12	NA	NA	NA	month	-1.4	
1838	1	NA	NA	NA	month	-5.4	
1838	2	NA	NA	NA	month	-1.4	
1838	3	NA	NA	NA	month	3.1	
1838	4	NA	NA	NA	month	3.9	
1838	5	NA	NA	NA	month	10.1	
1838	6	NA	NA	NA	month	14.5	
1838	7	NA	NA	NA	month	15.8	
1838	8	NA	NA	NA	month	13.9	
1838	9	NA	NA	NA	month	12.1	
1838	10	NA	NA	NA	month	7.2	
1838	11	NA	NA	NA	month	3.1	
1838	12	NA	NA	NA	month	-4.5	
1839	1	NA	NA	NA	month	-3.2	
1839	2	NA	NA	NA	month	-1.1	
1839	3	NA	NA	NA	month	-3.5	
1839	4	NA	NA	NA	month	-0.4	
1839	5	NA	NA	NA	month	6.9	
1839	6	NA	NA	NA	month	12.8	
1839	7	NA	NA	NA	month	12.7	
1839	8	NA	NA	NA	month	11	
1839	9	NA	NA	NA	month	9.4	
1839	10	NA	NA	NA	month	7.9	
1839	11	NA	NA	NA	month	5.6	
1839	12	NA	NA	NA	month	2	
1840	1	NA	NA	NA	month	1.1	
1840	2	NA	NA	NA	month	-1.2	
1840	3	NA	NA	NA	month	-2.2	
1840	4	NA	NA	NA	month	8	
1840	5	NA	NA	NA	month	12	
1840	6	NA	NA	NA	month	15.4	
1840	7	NA	NA	NA	month	14.8	
1840	8	NA	NA	NA	month	16.5	
1840	9	NA	NA	NA	month	12.7	
1840	10	NA	NA	NA	month	6	
1840	11	NA	NA	NA	month	4.6	
1840	12	NA	NA	NA	month	-4.8	
1841	1	NA	NA	NA	month	-2.7	
1841	2	NA	NA	NA	month	-0.1	
1841	3	NA	NA	NA	month	5.3	
1841	4	NA	NA	NA	month	7.5	
1841	5	NA	NA	NA	month	15.2	
1841	6	NA	NA	NA	month	13.8	
1841	7	NA	NA	NA	month	15.3	
1841	8	NA	NA	NA	month	15.3	
1841	9	NA	NA	NA	month	15.2	
1841	10	NA	NA	NA	month	9.9	
1841	11	NA	NA	NA	month	3.5	
1841	12	NA	NA	NA	month	2.1	
1842	1	NA	NA	NA	month	-5.3	
1842	2	NA	NA	NA	month	-2.3	
1842	3	NA	NA	NA	month	4.2	
1842	4	NA	NA	NA	month	6.7	
1842	5	NA	NA	NA	month	12.4	
1842	6	NA	NA	NA	month	16.8	
1842	7	NA	NA	NA	month	16.6	
1842	8	NA	NA	NA	month	17.6	
1842	9	NA	NA	NA	month	11.4	
1842	10	NA	NA	NA	month	4.6	
1842	11	NA	NA	NA	month	1.5	
1842	12	NA	NA	NA	month	1.1	
1843	1	NA	NA	NA	month	0.9	
1843	2	NA	NA	NA	month	3.5	
1843	3	NA	NA	NA	month	4.4	
1843	4	NA	NA	NA	month	9.1	
1843	5	NA	NA	NA	month	10.1	
1843	6	NA	NA	NA	month	12.6	
1843	7	NA	NA	NA	month	15.1	
1843	8	NA	NA	NA	month	16	
1843	9	NA	NA	NA	month	12.7	
1843	10	NA	NA	NA	month	8	
1843	11	NA	NA	NA	month	4.2	
1843	12	NA	NA	NA	month	1.1	
1844	1	NA	NA	NA	month	-1.2	
1844	2	NA	NA	NA	month	0.5	
1844	3	NA	NA	NA	month	4.2	
1844	4	NA	NA	NA	month	9.7	
1844	12	NA	NA	NA	month	-1	
1845	1	NA	NA	NA	month	0.4	
1845	2	NA	NA	NA	month	-2.3	
1845	3	NA	NA	NA	month	2.5	
1845	4	NA	NA	NA	month	8.5	
1846	1	NA	NA	NA	month	0	
1846	2	NA	NA	NA	month	4.5	
1846	3	NA	NA	NA	month	6.3	
1846	7	NA	NA	NA	month	31.1	
1846	8	NA	NA	NA	month	26.8	
1846	9	NA	NA	NA	month	23	
1846	10	NA	NA	NA	month	13.2	
1846	11	NA	NA	NA	month	4.5	
1846	12	NA	NA	NA	month	-3.3	
1847	1	NA	NA	NA	month	0.6	
1847	2	NA	NA	NA	month	0.5	
1847	3	NA	NA	NA	month	2.8	
1847	5	NA	NA	NA	month	13.4	
1847	6	NA	NA	NA	month	11.6	
1847	7	NA	NA	NA	month	16.7	
1848	1	NA	NA	NA	month	-9.5	
1848	2	NA	NA	NA	month	1.1	
1848	3	NA	NA	NA	month	4.4	
1848	4	NA	NA	NA	month	10.7	
1848	5	NA	NA	NA	month	13.2	
1848	6	NA	NA	NA	month	16.7	
1848	7	NA	NA	NA	month	17.7	
1848	8	NA	NA	NA	month	16.3	
1848	9	NA	NA	NA	month	11.9	
1848	10	NA	NA	NA	month	8.4	
1848	11	NA	NA	NA	month	0.6	
1848	12	NA	NA	NA	month	0.5	
1849	1	NA	NA	NA	month	0.4	
1849	2	NA	NA	NA	month	0.7	
1849	3	NA	NA	NA	month	2.1	
1849	4	NA	NA	NA	month	6.2	
1849	5	NA	NA	NA	month	12.2	
1849	6	NA	NA	NA	month	16.9	
1849	7	NA	NA	NA	month	17.5	
1849	8	NA	NA	NA	month	15.6	
1849	9	NA	NA	NA	month	13.4	
1849	10	NA	NA	NA	month	9.4	
1849	11	NA	NA	NA	month	0.1	
1849	12	NA	NA	NA	month	-2.6	
1850	1	NA	NA	NA	month	-4	
1850	2	NA	NA	NA	month	5	
1850	3	NA	NA	NA	month	2.8	
1850	4	NA	NA	NA	month	8.8	
1850	5	NA	NA	NA	month	12.9	
1850	6	NA	NA	NA	month	17.3	
1850	7	NA	NA	NA	month	18.4	
1850	8	NA	NA	NA	month	17.8	
1850	9	NA	NA	NA	month	11.7	
1850	10	NA	NA	NA	month	5.7	
1850	11	NA	NA	NA	month	5.1	
1850	12	NA	NA	NA	month	-0.8	
1851	1	NA	NA	NA	month	0.2	
1851	2	NA	NA	NA	month	-0.7	
1851	3	NA	NA	NA	month	3.3	
1857	7	NA	NA	NA	month	20.5	
1857	8	NA	NA	NA	month	19	
1857	9	NA	NA	NA	month	16	
1857	10	NA	NA	NA	month	10.5	
1857	11	NA	NA	NA	month	4.4	
1857	12	NA	NA	NA	month	-0.3	
1858	1	NA	NA	NA	month	-5.2	
1858	2	NA	NA	NA	month	-1.1	
1858	3	NA	NA	NA	month	2.9	
1858	4	NA	NA	NA	month	10.7	
1858	5	NA	NA	NA	month	10.4	
1858	6	NA	NA	NA	month	20.9	
1864	1	NA	NA	NA	month	-8.7	
1864	2	NA	NA	NA	month	-3.6	
1864	3	NA	NA	NA	month	2.5	
1864	4	NA	NA	NA	month	4.4	
1864	5	NA	NA	NA	month	10.3	
1864	6	NA	NA	NA	month	12.7	
1864	7	NA	NA	NA	month	15	
1864	8	NA	NA	NA	month	13.2	
1864	9	NA	NA	NA	month	10.7	
1864	10	NA	NA	NA	month	5.5	
1864	11	NA	NA	NA	month	1.2	
1864	12	NA	NA	NA	month	-6	
