SEF	1.0.0
ID	GrStBernhard
Name	Grand St. Bernhard
Lat	45.869
Lon	7.17068
Alt	2491
Source	DigiHom
Link	NA
Vbl	ta
Stat	mean
Units	C
Meta	Orig.res=subdaily | Diurnal cycle=Y
Year	Month	Day	Hour	Minute	Period	Value	Meta
1819	1	NA	NA	NA	month	-8.1	
1819	2	NA	NA	NA	month	-9.6	
1819	3	NA	NA	NA	month	-4.4	
1819	4	NA	NA	NA	month	-0.4	
1819	5	NA	NA	NA	month	2.3	
1819	6	NA	NA	NA	month	4.8	
1819	7	NA	NA	NA	month	6.9	
1819	9	NA	NA	NA	month	4.8	
1819	10	NA	NA	NA	month	-0.6	
1819	11	NA	NA	NA	month	-6.1	
1819	12	NA	NA	NA	month	-7.9	
1820	1	NA	NA	NA	month	-9.5	
1820	2	NA	NA	NA	month	-7.3	
1820	3	NA	NA	NA	month	-8.2	
1820	4	NA	NA	NA	month	-1.1	
1820	5	NA	NA	NA	month	3	
1820	6	NA	NA	NA	month	3.6	
1820	7	NA	NA	NA	month	6	
1820	8	NA	NA	NA	month	9	
1820	9	NA	NA	NA	month	2.1	
1820	10	NA	NA	NA	month	-2.8	
1820	11	NA	NA	NA	month	-6.7	
1820	12	NA	NA	NA	month	-6.1	
1821	1	NA	NA	NA	month	-5.2	
1821	2	NA	NA	NA	month	-8	
1821	3	NA	NA	NA	month	-5.7	
1821	4	NA	NA	NA	month	-1.6	
1821	5	NA	NA	NA	month	1	
1821	6	NA	NA	NA	month	2.5	
1821	7	NA	NA	NA	month	5.2	
1821	8	NA	NA	NA	month	8.1	
1821	9	NA	NA	NA	month	4	
1821	10	NA	NA	NA	month	-0.8	
1821	11	NA	NA	NA	month	-1.5	
1821	12	NA	NA	NA	month	-5.2	
1822	1	NA	NA	NA	month	-10.3	
1822	2	NA	NA	NA	month	-5.1	
1822	3	NA	NA	NA	month	-1.5	
1822	4	NA	NA	NA	month	-2.1	
1822	5	NA	NA	NA	month	3.5	
1822	6	NA	NA	NA	month	9.6	
1822	8	NA	NA	NA	month	7	
1822	9	NA	NA	NA	month	5.3	
1822	10	NA	NA	NA	month	1	
1822	11	NA	NA	NA	month	-0.8	
1822	12	NA	NA	NA	month	-9.5	
1823	1	NA	NA	NA	month	-9.5	
1823	2	NA	NA	NA	month	-8	
1823	3	NA	NA	NA	month	-7.6	
1823	4	NA	NA	NA	month	-3.1	
1823	5	NA	NA	NA	month	3.3	
1823	6	NA	NA	NA	month	2.8	
1823	7	NA	NA	NA	month	5.4	
1823	8	NA	NA	NA	month	8.4	
1823	9	NA	NA	NA	month	5.7	
1823	10	NA	NA	NA	month	-0.4	
1823	11	NA	NA	NA	month	-4.1	
1823	12	NA	NA	NA	month	-7	
1824	1	NA	NA	NA	month	-9.1	
1824	2	NA	NA	NA	month	-6.1	
1824	3	NA	NA	NA	month	-9	
1824	4	NA	NA	NA	month	-4.8	
1824	5	NA	NA	NA	month	0.9	
1824	6	NA	NA	NA	month	3.8	
1824	7	NA	NA	NA	month	9.1	
1824	8	NA	NA	NA	month	7	
1824	9	NA	NA	NA	month	4.6	
1824	10	NA	NA	NA	month	-0.4	
1824	11	NA	NA	NA	month	-2.3	
1824	12	NA	NA	NA	month	-4.2	
1825	1	NA	NA	NA	month	-8.9	
1825	2	NA	NA	NA	month	-8.7	
1825	3	NA	NA	NA	month	-7.5	
1825	4	NA	NA	NA	month	-1.4	
1825	5	NA	NA	NA	month	1.6	
1825	6	NA	NA	NA	month	5.8	
1825	7	NA	NA	NA	month	6.7	
1825	8	NA	NA	NA	month	6.5	
1825	9	NA	NA	NA	month	5.3	
1825	10	NA	NA	NA	month	-0.6	
1825	11	NA	NA	NA	month	-4.4	
1825	12	NA	NA	NA	month	-6	
1826	1	NA	NA	NA	month	-11.3	
1826	2	NA	NA	NA	month	-6.8	
1826	3	NA	NA	NA	month	-5.2	
1826	4	NA	NA	NA	month	-2.7	
1826	5	NA	NA	NA	month	-0.5	
1826	6	NA	NA	NA	month	3.8	
1826	7	NA	NA	NA	month	5.3	
1826	8	NA	NA	NA	month	7.6	
1826	9	NA	NA	NA	month	3.4	
1826	10	NA	NA	NA	month	-1.8	
1826	11	NA	NA	NA	month	-9.1	
1826	12	NA	NA	NA	month	-7.3	
1827	1	NA	NA	NA	month	-11.9	
1827	2	NA	NA	NA	month	-10.8	
1827	3	NA	NA	NA	month	-6.4	
1827	4	NA	NA	NA	month	-2.5	
1827	5	NA	NA	NA	month	1.9	
1827	6	NA	NA	NA	month	3.6	
1827	7	NA	NA	NA	month	7.4	
1827	8	NA	NA	NA	month	3.1	
1827	9	NA	NA	NA	month	0.6	
1827	10	NA	NA	NA	month	-1.6	
1827	11	NA	NA	NA	month	-8.3	
1827	12	NA	NA	NA	month	-5.5	
1828	1	NA	NA	NA	month	-4.5	
1828	2	NA	NA	NA	month	-8.6	
1828	3	NA	NA	NA	month	-5.8	
1828	4	NA	NA	NA	month	-1.9	
1828	5	NA	NA	NA	month	2.9	
1828	6	NA	NA	NA	month	5.4	
1828	7	NA	NA	NA	month	6.1	
1828	8	NA	NA	NA	month	5.5	
1828	9	NA	NA	NA	month	3.7	
1828	10	NA	NA	NA	month	-2.7	
1828	11	NA	NA	NA	month	-3.6	
1828	12	NA	NA	NA	month	-3.8	
1829	1	NA	NA	NA	month	-11.1	
1829	2	NA	NA	NA	month	-10.7	
1829	3	NA	NA	NA	month	-4	
1829	4	NA	NA	NA	month	-3.1	
1829	5	NA	NA	NA	month	1.9	
1829	6	NA	NA	NA	month	2.4	
1829	7	NA	NA	NA	month	5.4	
1829	8	NA	NA	NA	month	3.4	
1829	9	NA	NA	NA	month	0.4	
1829	10	NA	NA	NA	month	-2.8	
1829	11	NA	NA	NA	month	-6.4	
1829	12	NA	NA	NA	month	-11.2	
1830	1	NA	NA	NA	month	-12.2	
1830	2	NA	NA	NA	month	-7.9	
1830	3	NA	NA	NA	month	-3.4	
1830	4	NA	NA	NA	month	0.3	
1830	5	NA	NA	NA	month	2.1	
1830	6	NA	NA	NA	month	3.1	
1830	7	NA	NA	NA	month	6.9	
1830	8	NA	NA	NA	month	5.9	
1830	9	NA	NA	NA	month	-0.1	
1830	10	NA	NA	NA	month	-0.1	
1830	11	NA	NA	NA	month	-4.5	
1830	12	NA	NA	NA	month	-9.5	
1831	1	NA	NA	NA	month	-9.5	
1831	2	NA	NA	NA	month	-7.1	
1831	3	NA	NA	NA	month	-5.2	
1831	4	NA	NA	NA	month	-1.6	
1831	5	NA	NA	NA	month	2.9	
1831	6	NA	NA	NA	month	4.4	
1831	7	NA	NA	NA	month	5.8	
1831	8	NA	NA	NA	month	5	
1831	9	NA	NA	NA	month	0.8	
1831	10	NA	NA	NA	month	1.1	
1831	11	NA	NA	NA	month	-4.8	
1831	12	NA	NA	NA	month	-7.3	
1832	1	NA	NA	NA	month	-7.5	
1832	2	NA	NA	NA	month	-7.7	
1832	3	NA	NA	NA	month	-5.6	
1832	4	NA	NA	NA	month	-2.4	
1832	5	NA	NA	NA	month	1.5	
1832	6	NA	NA	NA	month	3	
1832	7	NA	NA	NA	month	7	
1832	8	NA	NA	NA	month	7.7	
1832	9	NA	NA	NA	month	3.7	
1832	10	NA	NA	NA	month	-1.4	
1832	11	NA	NA	NA	month	-5.8	
1832	12	NA	NA	NA	month	-7.2	
1833	1	NA	NA	NA	month	-7.2	
1833	2	NA	NA	NA	month	-6.9	
1833	3	NA	NA	NA	month	-7.4	
1833	4	NA	NA	NA	month	-4.5	
1833	5	NA	NA	NA	month	4.8	
1833	6	NA	NA	NA	month	4.8	
1833	7	NA	NA	NA	month	2.8	
1833	8	NA	NA	NA	month	3.4	
1833	9	NA	NA	NA	month	0.3	
1833	10	NA	NA	NA	month	-1.2	
1833	11	NA	NA	NA	month	-4.3	
1833	12	NA	NA	NA	month	-5.1	
1834	1	NA	NA	NA	month	-5.9	
1834	2	NA	NA	NA	month	-7.6	
1834	3	NA	NA	NA	month	-4.9	
1834	4	NA	NA	NA	month	-4.4	
1834	5	NA	NA	NA	month	3.3	
1834	6	NA	NA	NA	month	5.6	
1834	7	NA	NA	NA	month	6.8	
1834	8	NA	NA	NA	month	5.9	
1834	9	NA	NA	NA	month	7.2	
1834	10	NA	NA	NA	month	-1.8	
1834	11	NA	NA	NA	month	-3.2	
1834	12	NA	NA	NA	month	-7.7	
1835	1	NA	NA	NA	month	-6.6	
1835	2	NA	NA	NA	month	-7.4	
1835	3	NA	NA	NA	month	-6.1	
1835	4	NA	NA	NA	month	-3.6	
1835	5	NA	NA	NA	month	1.3	
1835	6	NA	NA	NA	month	4.2	
1835	7	NA	NA	NA	month	8.6	
1835	8	NA	NA	NA	month	4	
1835	9	NA	NA	NA	month	1.3	
1835	10	NA	NA	NA	month	-4.1	
1835	11	NA	NA	NA	month	-6.9	
1835	12	NA	NA	NA	month	-8	
1836	1	NA	NA	NA	month	-9.6	
1836	2	NA	NA	NA	month	-10	
1836	3	NA	NA	NA	month	-3.2	
1836	4	NA	NA	NA	month	-4.5	
1836	5	NA	NA	NA	month	-0.7	
1836	6	NA	NA	NA	month	5.4	
1836	7	NA	NA	NA	month	7.3	
1836	8	NA	NA	NA	month	7	
1836	9	NA	NA	NA	month	1.6	
1836	10	NA	NA	NA	month	-0.7	
1836	11	NA	NA	NA	month	-6.3	
1836	12	NA	NA	NA	month	-7.8	
1837	1	NA	NA	NA	month	-8.5	
1837	2	NA	NA	NA	month	-8.9	
1837	3	NA	NA	NA	month	-11.1	
1837	4	NA	NA	NA	month	-5.3	
1837	5	NA	NA	NA	month	-1.9	
1837	6	NA	NA	NA	month	5.9	
1837	7	NA	NA	NA	month	4.4	
1837	8	NA	NA	NA	month	8.1	
1837	9	NA	NA	NA	month	2.1	
1837	10	NA	NA	NA	month	-1.3	
1837	11	NA	NA	NA	month	-7.4	
1837	12	NA	NA	NA	month	-6	
1838	1	NA	NA	NA	month	-11.1	
1838	2	NA	NA	NA	month	-9.7	
1838	3	NA	NA	NA	month	-6.5	
1838	4	NA	NA	NA	month	-6.1	
1838	5	NA	NA	NA	month	1.5	
1838	6	NA	NA	NA	month	4.3	
1838	7	NA	NA	NA	month	5.6	
1838	8	NA	NA	NA	month	5.1	
1838	9	NA	NA	NA	month	2.6	
1838	10	NA	NA	NA	month	-0.4	
1838	11	NA	NA	NA	month	-4.7	
1838	12	NA	NA	NA	month	-8.5	
1839	1	NA	NA	NA	month	-10.3	
1839	2	NA	NA	NA	month	-7.1	
1839	3	NA	NA	NA	month	-6.5	
1839	4	NA	NA	NA	month	-5.2	
1839	5	NA	NA	NA	month	-0.3	
1839	6	NA	NA	NA	month	6.5	
1839	7	NA	NA	NA	month	7.7	
1839	8	NA	NA	NA	month	4.5	
1839	9	NA	NA	NA	month	2.7	
1839	10	NA	NA	NA	month	-0.5	
1839	11	NA	NA	NA	month	-3.5	
1839	12	NA	NA	NA	month	-5.3	
1840	1	NA	NA	NA	month	-6.6	
1840	2	NA	NA	NA	month	-10	
1840	3	NA	NA	NA	month	-11	
1840	4	NA	NA	NA	month	-3.1	
1840	5	NA	NA	NA	month	0.9	
1840	6	NA	NA	NA	month	4.7	
1840	7	NA	NA	NA	month	4.2	
1840	8	NA	NA	NA	month	7.1	
1840	9	NA	NA	NA	month	1.9	
1840	10	NA	NA	NA	month	-2.3	
1840	11	NA	NA	NA	month	-3.6	
1840	12	NA	NA	NA	month	-8	
1841	1	NA	NA	NA	month	-11.5	
1841	2	NA	NA	NA	month	-8.1	
1841	3	NA	NA	NA	month	-4.2	
1841	4	NA	NA	NA	month	-3.7	
1841	5	NA	NA	NA	month	3	
1841	6	NA	NA	NA	month	2.5	
1841	7	NA	NA	NA	month	4.8	
1841	8	NA	NA	NA	month	4.7	
1841	9	NA	NA	NA	month	4.2	
1841	10	NA	NA	NA	month	-0.8	
1841	11	NA	NA	NA	month	-5.5	
1841	12	NA	NA	NA	month	-8.8	
1842	1	NA	NA	NA	month	-13.6	
1842	2	NA	NA	NA	month	-8.7	
1842	3	NA	NA	NA	month	-5.8	
1842	4	NA	NA	NA	month	-4.9	
1842	5	NA	NA	NA	month	1	
1842	6	NA	NA	NA	month	6	
1842	7	NA	NA	NA	month	6.1	
1842	8	NA	NA	NA	month	6.9	
1842	9	NA	NA	NA	month	1.5	
1842	10	NA	NA	NA	month	-2.7	
1842	11	NA	NA	NA	month	-6.2	
1842	12	NA	NA	NA	month	-4	
1843	1	NA	NA	NA	month	-9.8	
1843	2	NA	NA	NA	month	-6.8	
1843	3	NA	NA	NA	month	-6.5	
1843	4	NA	NA	NA	month	-2.8	
1843	5	NA	NA	NA	month	0.9	
1843	6	NA	NA	NA	month	2.3	
1843	7	NA	NA	NA	month	4.1	
1843	8	NA	NA	NA	month	5.6	
1843	9	NA	NA	NA	month	3.2	
1843	10	NA	NA	NA	month	-0.9	
1843	11	NA	NA	NA	month	-5.2	
1843	12	NA	NA	NA	month	-2.8	
1844	1	NA	NA	NA	month	-10.3	
1844	2	NA	NA	NA	month	-10.8	
1844	3	NA	NA	NA	month	-8.5	
1844	4	NA	NA	NA	month	-0.3	
1844	5	NA	NA	NA	month	-0.7	
1844	6	NA	NA	NA	month	5.4	
1844	7	NA	NA	NA	month	5.3	
1844	8	NA	NA	NA	month	3.7	
1844	9	NA	NA	NA	month	4.1	
1844	10	NA	NA	NA	month	-0.6	
1844	11	NA	NA	NA	month	-4	
1844	12	NA	NA	NA	month	-9.1	
1845	1	NA	NA	NA	month	-8.1	
1845	2	NA	NA	NA	month	-11.6	
1845	3	NA	NA	NA	month	-7.6	
1845	4	NA	NA	NA	month	-3.4	
1845	6	NA	NA	NA	month	4.3	
1845	7	NA	NA	NA	month	5.5	
1845	8	NA	NA	NA	month	2.8	
1845	9	NA	NA	NA	month	3.6	
1845	10	NA	NA	NA	month	0.7	
1845	11	NA	NA	NA	month	-4.5	
1845	12	NA	NA	NA	month	-7.8	
1846	1	NA	NA	NA	month	-7.3	
1846	2	NA	NA	NA	month	-6.5	
1846	3	NA	NA	NA	month	-5.4	
1846	4	NA	NA	NA	month	-3	
1846	5	NA	NA	NA	month	2	
1846	6	NA	NA	NA	month	6.7	
1846	7	NA	NA	NA	month	7.8	
1846	8	NA	NA	NA	month	5.8	
1846	9	NA	NA	NA	month	3	
1846	10	NA	NA	NA	month	-2.2	
1846	11	NA	NA	NA	month	-4.2	
1846	12	NA	NA	NA	month	-12.4	
1847	1	NA	NA	NA	month	-9	
1847	2	NA	NA	NA	month	-11.4	
1847	3	NA	NA	NA	month	-8.5	
1847	4	NA	NA	NA	month	-5.5	
1847	5	NA	NA	NA	month	4.1	
1847	6	NA	NA	NA	month	0.9	
1847	7	NA	NA	NA	month	6.5	
1847	8	NA	NA	NA	month	4.6	
1847	9	NA	NA	NA	month	0.6	
1847	10	NA	NA	NA	month	-1.6	
1847	11	NA	NA	NA	month	-3.5	
1848	2	NA	NA	NA	month	-6.7	
1848	3	NA	NA	NA	month	-7.3	
1848	4	NA	NA	NA	month	-1.1	
1848	5	NA	NA	NA	month	3.5	
1848	6	NA	NA	NA	month	4.4	
1848	7	NA	NA	NA	month	6.6	
1848	8	NA	NA	NA	month	7	
1848	9	NA	NA	NA	month	1.7	
1848	10	NA	NA	NA	month	-2.7	
1848	11	NA	NA	NA	month	-7.8	
1848	12	NA	NA	NA	month	-5.3	
1849	1	NA	NA	NA	month	-7.7	
1849	2	NA	NA	NA	month	-5.9	
1849	3	NA	NA	NA	month	-7.7	
1849	4	NA	NA	NA	month	-6	
1849	5	NA	NA	NA	month	1.6	
1849	6	NA	NA	NA	month	5.9	
1849	7	NA	NA	NA	month	6.1	
1849	8	NA	NA	NA	month	4.5	
1849	9	NA	NA	NA	month	1.6	
1849	10	NA	NA	NA	month	0.1	
1849	11	NA	NA	NA	month	-6	
1849	12	NA	NA	NA	month	-10.8	
1850	1	NA	NA	NA	month	-11	
1850	2	NA	NA	NA	month	-5.7	
1850	3	NA	NA	NA	month	-8.2	
1850	4	NA	NA	NA	month	-3.7	
1850	5	NA	NA	NA	month	-1.5	
1850	6	NA	NA	NA	month	4.2	
1850	7	NA	NA	NA	month	4.8	
1850	8	NA	NA	NA	month	4.1	
1850	9	NA	NA	NA	month	0.4	
1850	10	NA	NA	NA	month	-4.3	
1850	11	NA	NA	NA	month	-4.1	
1850	12	NA	NA	NA	month	-5.9	
1851	1	NA	NA	NA	month	-7.9	
1851	2	NA	NA	NA	month	-9.1	
1851	3	NA	NA	NA	month	-9.2	
1851	4	NA	NA	NA	month	-3.1	
1851	5	NA	NA	NA	month	-1.7	
1851	6	NA	NA	NA	month	4.4	
1851	7	NA	NA	NA	month	3.9	
1851	8	NA	NA	NA	month	5.3	
1851	9	NA	NA	NA	month	-0.4	
1851	10	NA	NA	NA	month	0	
1851	11	NA	NA	NA	month	-12.9	
1851	12	NA	NA	NA	month	-7.2	
1852	1	NA	NA	NA	month	-7.1	
1852	2	NA	NA	NA	month	-10.1	
1852	3	NA	NA	NA	month	-7.9	
1852	4	NA	NA	NA	month	-4	
1852	5	NA	NA	NA	month	-0.6	
1852	6	NA	NA	NA	month	2.1	
1852	7	NA	NA	NA	month	5.9	
1852	8	NA	NA	NA	month	4	
1852	9	NA	NA	NA	month	1.3	
1852	10	NA	NA	NA	month	-1.4	
1852	11	NA	NA	NA	month	-2.2	
1852	12	NA	NA	NA	month	-3.8	
1853	1	NA	NA	NA	month	-8.1	
1853	2	NA	NA	NA	month	-14.4	
1853	3	NA	NA	NA	month	-11.7	
1853	4	NA	NA	NA	month	-6	
1853	5	NA	NA	NA	month	-1.2	
1853	6	NA	NA	NA	month	2.7	
1853	7	NA	NA	NA	month	6	
1853	8	NA	NA	NA	month	6.7	
1853	9	NA	NA	NA	month	2.3	
1853	10	NA	NA	NA	month	-1.7	
1853	11	NA	NA	NA	month	-5.1	
1853	12	NA	NA	NA	month	-11.4	
1854	1	NA	NA	NA	month	-7.9	
1854	2	NA	NA	NA	month	-12.2	
1854	3	NA	NA	NA	month	-6.2	
1854	4	NA	NA	NA	month	-2.9	
1854	5	NA	NA	NA	month	-0.3	
1854	6	NA	NA	NA	month	2.2	
1854	7	NA	NA	NA	month	5	
1854	8	NA	NA	NA	month	4.6	
1854	9	NA	NA	NA	month	4.3	
1854	10	NA	NA	NA	month	-1.2	
1854	11	NA	NA	NA	month	-8.8	
1854	12	NA	NA	NA	month	-9.7	
1855	1	NA	NA	NA	month	-10.7	
1855	2	NA	NA	NA	month	-8.3	
1855	3	NA	NA	NA	month	-8.6	
1855	4	NA	NA	NA	month	-4.4	
1855	5	NA	NA	NA	month	-2.5	
1855	6	NA	NA	NA	month	2.2	
1855	7	NA	NA	NA	month	4.9	
1855	8	NA	NA	NA	month	6.5	
1855	9	NA	NA	NA	month	3.1	
1855	10	NA	NA	NA	month	-0.1	
1855	11	NA	NA	NA	month	-6.5	
1855	12	NA	NA	NA	month	-11.6	
1856	1	NA	NA	NA	month	-7.7	
1856	2	NA	NA	NA	month	-5.3	
1856	3	NA	NA	NA	month	-5.8	
1856	4	NA	NA	NA	month	-3.1	
1856	5	NA	NA	NA	month	-1.9	
1856	6	NA	NA	NA	month	3.8	
1856	7	NA	NA	NA	month	4.6	
1856	8	NA	NA	NA	month	7.3	
1856	9	NA	NA	NA	month	-0.2	
1856	10	NA	NA	NA	month	0.4	
1856	11	NA	NA	NA	month	-8.7	
1856	12	NA	NA	NA	month	-8.4	
1857	1	NA	NA	NA	month	-12.1	
1857	2	NA	NA	NA	month	-8.9	
1857	3	NA	NA	NA	month	-6.6	
1857	4	NA	NA	NA	month	-5.2	
1857	5	NA	NA	NA	month	0	
1857	6	NA	NA	NA	month	2.6	
1857	7	NA	NA	NA	month	6.9	
1857	8	NA	NA	NA	month	5.2	
1857	9	NA	NA	NA	month	3.5	
1857	10	NA	NA	NA	month	-1.2	
1857	11	NA	NA	NA	month	-3.8	
1857	12	NA	NA	NA	month	-4.8	
1858	1	NA	NA	NA	month	-11.3	
1858	2	NA	NA	NA	month	-10.5	
1858	3	NA	NA	NA	month	-8.1	
1858	4	NA	NA	NA	month	-1.5	
1858	5	NA	NA	NA	month	-1.6	
1858	6	NA	NA	NA	month	6.1	
1858	7	NA	NA	NA	month	3.3	
1858	8	NA	NA	NA	month	3.4	
1858	9	NA	NA	NA	month	4	
1858	10	NA	NA	NA	month	-1.2	
1858	11	NA	NA	NA	month	-7.4	
1858	12	NA	NA	NA	month	-8.6	
1859	1	NA	NA	NA	month	-9.3	
1859	2	NA	NA	NA	month	-9.2	
1859	3	NA	NA	NA	month	-5.3	
1859	5	NA	NA	NA	month	0.2	
1859	6	NA	NA	NA	month	2.7	
1859	7	NA	NA	NA	month	8.9	
1859	8	NA	NA	NA	month	7.4	
1859	9	NA	NA	NA	month	2.8	
1859	10	NA	NA	NA	month	-0.1	
1859	11	NA	NA	NA	month	-5.1	
1859	12	NA	NA	NA	month	-11.5	
1860	1	NA	NA	NA	month	-8	
1860	2	NA	NA	NA	month	-13.2	
1860	3	NA	NA	NA	month	-10.4	
1860	4	NA	NA	NA	month	-6.7	
1860	5	NA	NA	NA	month	0.7	
1860	6	NA	NA	NA	month	2.7	
1860	7	NA	NA	NA	month	2.4	
1860	8	NA	NA	NA	month	4.1	
1860	9	NA	NA	NA	month	1.3	
1860	10	NA	NA	NA	month	-0.8	
1860	11	NA	NA	NA	month	-7.1	
1860	12	NA	NA	NA	month	-11.1	
1861	1	NA	NA	NA	month	-6.9	
1861	2	NA	NA	NA	month	-7.3	
1861	3	NA	NA	NA	month	-8.2	
1861	4	NA	NA	NA	month	-4.3	
1861	5	NA	NA	NA	month	-1.1	
1861	6	NA	NA	NA	month	3.3	
1861	7	NA	NA	NA	month	4.6	
1861	8	NA	NA	NA	month	8.9	
1861	9	NA	NA	NA	month	3.8	
1861	10	NA	NA	NA	month	1.4	
1861	11	NA	NA	NA	month	-4.3	
1861	12	NA	NA	NA	month	-6.1	
