SEF	1.0.0
ID	Burgdorf
Name	Burgdorf
Lat	47.05686
Lon	7.62793
Alt	538
Source	GCOS
Link	NA
Vbl	p
Stat	mean
Units	hPa
Meta	Observer=Fankhauser | PGC=Y | PTC=N
Year	Month	Day	Hour	Minute	Period	Value	Meta
1857	1	NA	NA	NA	month	946.1	
1857	2	NA	NA	NA	month	960	
1857	3	NA	NA	NA	month	951.5	
1857	4	NA	NA	NA	month	949.9	
1857	5	NA	NA	NA	month	952.2	
1857	6	NA	NA	NA	month	957	
1857	7	NA	NA	NA	month	958.6	
1857	8	NA	NA	NA	month	955.7	
1857	9	NA	NA	NA	month	957	
1857	10	NA	NA	NA	month	954.8	
1857	11	NA	NA	NA	month	957.6	
1857	12	NA	NA	NA	month	967	
1858	1	NA	NA	NA	month	964	
1858	2	NA	NA	NA	month	953.1	
1858	3	NA	NA	NA	month	949.5	
1858	4	NA	NA	NA	month	952.2	
1858	5	NA	NA	NA	month	953.5	
1858	6	NA	NA	NA	month	957.6	
1858	7	NA	NA	NA	month	954.4	
1858	8	NA	NA	NA	month	955.7	
1858	9	NA	NA	NA	month	958.9	
1858	10	NA	NA	NA	month	955.5	
1858	11	NA	NA	NA	month	949.1	
1858	12	NA	NA	NA	month	954.4	
1859	1	NA	NA	NA	month	963.3	
1859	2	NA	NA	NA	month	957.1	
1859	3	NA	NA	NA	month	956.7	
1859	4	NA	NA	NA	month	950.8	
1859	5	NA	NA	NA	month	948.9	
1859	6	NA	NA	NA	month	953.3	
1859	7	NA	NA	NA	month	958.7	
1859	8	NA	NA	NA	month	956.1	
1859	9	NA	NA	NA	month	954.6	
1859	10	NA	NA	NA	month	951.5	
1859	11	NA	NA	NA	month	955.1	
1859	12	NA	NA	NA	month	949.4	
1860	1	NA	NA	NA	month	951.3	
1860	2	NA	NA	NA	month	951	
1860	3	NA	NA	NA	month	949.9	
1860	4	NA	NA	NA	month	949.6	
1860	5	NA	NA	NA	month	953	
1860	6	NA	NA	NA	month	952.3	
1860	7	NA	NA	NA	month	954.3	
1860	8	NA	NA	NA	month	953.3	
1860	9	NA	NA	NA	month	NA	
1860	10	NA	NA	NA	month	959.7	
1860	11	NA	NA	NA	month	950.6	
1860	12	NA	NA	NA	month	944.9	
1861	1	NA	NA	NA	month	957.5	
1861	2	NA	NA	NA	month	953.4	
1861	3	NA	NA	NA	month	951.8	
1861	4	NA	NA	NA	month	954.6	
1861	5	NA	NA	NA	month	953.5	
1861	6	NA	NA	NA	month	953.9	
1861	7	NA	NA	NA	month	953.5	
1861	8	NA	NA	NA	month	959.6	
1861	9	NA	NA	NA	month	955.3	
1861	10	NA	NA	NA	month	957	
1861	11	NA	NA	NA	month	952.7	
1861	12	NA	NA	NA	month	957.6	
1862	1	NA	NA	NA	month	953	
1862	2	NA	NA	NA	month	954.7	
1862	3	NA	NA	NA	month	945.7	
1862	4	NA	NA	NA	month	955.1	
1862	5	NA	NA	NA	month	953.2	
1862	6	NA	NA	NA	month	952.8	
1862	7	NA	NA	NA	month	956.5	
1862	8	NA	NA	NA	month	954.3	
1862	9	NA	NA	NA	month	954.8	
1862	10	NA	NA	NA	month	957.4	
1862	11	NA	NA	NA	month	949.1	
1862	12	NA	NA	NA	month	958.6	
1863	1	NA	NA	NA	month	954.1	
1863	2	NA	NA	NA	month	964.2	
1863	3	NA	NA	NA	month	949.7	
1863	4	NA	NA	NA	month	954.7	
1863	5	NA	NA	NA	month	953.1	
1863	6	NA	NA	NA	month	954.9	
1863	7	NA	NA	NA	month	958.4	
1863	8	NA	NA	NA	month	956.9	
1863	9	NA	NA	NA	month	955.5	
1863	10	NA	NA	NA	month	954.1	
1863	11	NA	NA	NA	month	958.1	
1863	12	NA	NA	NA	month	960.1	
1864	1	NA	NA	NA	month	961.5	
1864	2	NA	NA	NA	month	951.5	
1864	3	NA	NA	NA	month	947.6	
1864	4	NA	NA	NA	month	955	
1864	5	NA	NA	NA	month	953	
1864	6	NA	NA	NA	month	955.5	
1864	7	NA	NA	NA	month	956.3	
1864	8	NA	NA	NA	month	958.1	
1864	9	NA	NA	NA	month	957.7	
1864	10	NA	NA	NA	month	951.3	
1864	11	NA	NA	NA	month	951.7	
1864	12	NA	NA	NA	month	954.7	
