SEF	1.0.0
ID	Zurich_Ott
Name	Zürich
Lat	47.39558
Lon	8.53264
Alt	460
Source	GCOS
Link	
Vbl	ta
Stat	mean
Units	C
Meta	Observer=Ott|QC software=dataresqc v1.1.0
Year	Month	Day	Hour	Minute	Period	Value	Meta
1756	7	NA	NA	NA	month	NA	
1756	8	NA	NA	NA	month	17.1	
1756	9	NA	NA	NA	month	15.2	
1756	10	NA	NA	NA	month	9.1	
1756	11	NA	NA	NA	month	3.7	
1756	12	NA	NA	NA	month	-1.3	
1757	1	NA	NA	NA	month	-1.3	
1757	2	NA	NA	NA	month	0.4	
1757	3	NA	NA	NA	month	4.1	
1757	4	NA	NA	NA	month	10.5	
1757	5	NA	NA	NA	month	13.3	
1757	6	NA	NA	NA	month	17.5	
1757	7	NA	NA	NA	month	20	
1757	8	NA	NA	NA	month	17	
1757	9	NA	NA	NA	month	11.9	
1757	10	NA	NA	NA	month	5.3	
1757	11	NA	NA	NA	month	5.7	
1757	12	NA	NA	NA	month	0.4	
1758	1	NA	NA	NA	month	-3.1	
1758	2	NA	NA	NA	month	1.7	
1758	3	NA	NA	NA	month	6.5	
1758	4	NA	NA	NA	month	8.3	
1758	5	NA	NA	NA	month	13.9	
1758	6	NA	NA	NA	month	17.2	
1758	7	NA	NA	NA	month	14.9	
1758	8	NA	NA	NA	month	16.7	
1758	9	NA	NA	NA	month	13	
1758	10	NA	NA	NA	month	7.7	
1758	11	NA	NA	NA	month	4.6	
1758	12	NA	NA	NA	month	3	
1759	1	NA	NA	NA	month	1.8	
1759	2	NA	NA	NA	month	4.3	
1759	3	NA	NA	NA	month	6.4	
1759	4	NA	NA	NA	month	11	
1759	5	NA	NA	NA	month	13.9	
1759	6	NA	NA	NA	month	15.9	
1759	7	NA	NA	NA	month	19.8	
1759	8	NA	NA	NA	month	17.3	
1759	9	NA	NA	NA	month	15.1	
1759	10	NA	NA	NA	month	11.2	
1759	11	NA	NA	NA	month	2.3	
1759	12	NA	NA	NA	month	1.1	
1760	1	NA	NA	NA	month	1.1	
1760	2	NA	NA	NA	month	2.9	
1760	3	NA	NA	NA	month	4.7	
1760	4	NA	NA	NA	month	12.1	
1760	5	NA	NA	NA	month	14.4	
1760	6	NA	NA	NA	month	18	
1760	7	NA	NA	NA	month	18.8	
1760	8	NA	NA	NA	month	17.7	
1760	9	NA	NA	NA	month	15.4	
1760	10	NA	NA	NA	month	10	
1760	11	NA	NA	NA	month	6.3	
1760	12	NA	NA	NA	month	5.1	
1761	1	NA	NA	NA	month	-1.2	
1761	2	NA	NA	NA	month	5	
1761	3	NA	NA	NA	month	7.7	
1761	4	NA	NA	NA	month	9.3	
1761	5	NA	NA	NA	month	15	
1761	6	NA	NA	NA	month	17.6	
1761	7	NA	NA	NA	month	18.8	
1761	8	NA	NA	NA	month	19.3	
1761	9	NA	NA	NA	month	15.9	
1761	10	NA	NA	NA	month	8.2	
1761	11	NA	NA	NA	month	4.8	
1761	12	NA	NA	NA	month	-2.4	
1762	1	NA	NA	NA	month	2.6	
1762	2	NA	NA	NA	month	2.5	
1762	3	NA	NA	NA	month	NA	
1762	4	NA	NA	NA	month	11.8	
1762	5	NA	NA	NA	month	15.7	
1762	6	NA	NA	NA	month	15.9	
1762	7	NA	NA	NA	month	19.3	
1762	8	NA	NA	NA	month	17	
1762	9	NA	NA	NA	month	14.3	
1762	10	NA	NA	NA	month	7.8	
1762	11	NA	NA	NA	month	4.1	
1762	12	NA	NA	NA	month	-3.1	
1763	1	NA	NA	NA	month	NA	
1763	2	NA	NA	NA	month	NA	
1763	3	NA	NA	NA	month	NA	
1763	4	NA	NA	NA	month	NA	
1763	5	NA	NA	NA	month	12.7	
1763	6	NA	NA	NA	month	NA	
1763	7	NA	NA	NA	month	18.7	
1763	8	NA	NA	NA	month	19.3	
1763	9	NA	NA	NA	month	13.3	
1763	10	NA	NA	NA	month	7.6	
1763	11	NA	NA	NA	month	4.5	
1763	12	NA	NA	NA	month	NA	
1764	1	NA	NA	NA	month	NA	
1764	2	NA	NA	NA	month	4.9	
1764	3	NA	NA	NA	month	3.7	
1764	4	NA	NA	NA	month	8.2	
1764	5	NA	NA	NA	month	15	
1764	6	NA	NA	NA	month	17.3	
1764	7	NA	NA	NA	month	19.2	
1764	8	NA	NA	NA	month	16.3	
1764	9	NA	NA	NA	month	12.9	
1764	10	NA	NA	NA	month	8.1	
1764	11	NA	NA	NA	month	5.6	
1764	12	NA	NA	NA	month	3.2	
1765	1	NA	NA	NA	month	2.8	
1765	2	NA	NA	NA	month	0.5	
1765	3	NA	NA	NA	month	8.1	
1765	4	NA	NA	NA	month	9.8	
1765	5	NA	NA	NA	month	13.3	
1765	6	NA	NA	NA	month	17.8	
1765	7	NA	NA	NA	month	16.8	
1765	8	NA	NA	NA	month	18.3	
1765	9	NA	NA	NA	month	14.8	
1765	10	NA	NA	NA	month	10.7	
1765	11	NA	NA	NA	month	4.7	
1765	12	NA	NA	NA	month	0.4	
1766	1	NA	NA	NA	month	-5.6	
1766	2	NA	NA	NA	month	-0.2	
1766	3	NA	NA	NA	month	5.4	
1766	4	NA	NA	NA	month	11.1	
1766	5	NA	NA	NA	month	14.2	
1766	6	NA	NA	NA	month	17.3	
1766	7	NA	NA	NA	month	17.7	
1768	3	NA	NA	NA	month	NA	
1768	4	NA	NA	NA	month	NA	
1768	5	NA	NA	NA	month	NA	
1768	7	NA	NA	NA	month	NA	
1768	8	NA	NA	NA	month	NA	
1768	11	NA	NA	NA	month	NA	
1768	12	NA	NA	NA	month	1.2	
1769	1	NA	NA	NA	month	NA	
1769	2	NA	NA	NA	month	NA	
1769	3	NA	NA	NA	month	NA	
1769	4	NA	NA	NA	month	10.9	
1769	5	NA	NA	NA	month	NA	
1769	6	NA	NA	NA	month	NA	
