SEF	1.0.0
ID	Bern_Fueter
Name	Bern
Lat	46.946688
Lon	7.432487
Alt	540
Source	GCOS
Link	
Vbl	ta
Stat	mean
Units	C
Meta	Observer=Fueter|QC software=dataresqc v1.1.0
Year	Month	Day	Hour	Minute	Period	Value	Meta
1819	1	NA	NA	NA	month	-0.1	
1819	2	NA	NA	NA	month	2.1	
1819	3	NA	NA	NA	month	5.6	
1819	4	NA	NA	NA	month	12.1	
1819	5	NA	NA	NA	month	15.5	
1819	6	NA	NA	NA	month	16.6	
1819	7	NA	NA	NA	month	19.7	
1819	8	NA	NA	NA	month	18.7	
1819	9	NA	NA	NA	month	16.5	
1819	10	NA	NA	NA	month	8.6	
1819	11	NA	NA	NA	month	2.7	
1819	12	NA	NA	NA	month	0.5	
1820	1	NA	NA	NA	month	-3.3	
1820	2	NA	NA	NA	month	1	
1820	3	NA	NA	NA	month	2.5	
1820	4	NA	NA	NA	month	11.9	
1820	5	NA	NA	NA	month	14.7	
1820	6	NA	NA	NA	month	16.3	
1820	7	NA	NA	NA	month	18.8	
1820	8	NA	NA	NA	month	20.9	
1820	9	NA	NA	NA	month	11.6	
1820	10	NA	NA	NA	month	6.8	
1820	11	NA	NA	NA	month	0.4	
1820	12	NA	NA	NA	month	-1.3	
1821	1	NA	NA	NA	month	-0.8	
1821	2	NA	NA	NA	month	-2.2	
1821	3	NA	NA	NA	month	4	
1821	4	NA	NA	NA	month	9.1	
1821	5	NA	NA	NA	month	11.3	
1821	6	NA	NA	NA	month	13.3	
1821	7	NA	NA	NA	month	15.8	
1821	8	NA	NA	NA	month	18.4	
1821	9	NA	NA	NA	month	14	
1821	10	NA	NA	NA	month	7.3	
1821	11	NA	NA	NA	month	4.8	
1821	12	NA	NA	NA	month	2.5	
1822	1	NA	NA	NA	month	-1.5	
1822	2	NA	NA	NA	month	1.9	
1822	3	NA	NA	NA	month	6.9	
1822	4	NA	NA	NA	month	8.2	
1822	5	NA	NA	NA	month	15	
1822	6	NA	NA	NA	month	21.2	
1822	7	NA	NA	NA	month	18.4	
1822	8	NA	NA	NA	month	17.3	
1822	9	NA	NA	NA	month	15.1	
1822	10	NA	NA	NA	month	10.4	
1822	11	NA	NA	NA	month	5.4	
1822	12	NA	NA	NA	month	-5.7	
1823	1	NA	NA	NA	month	-3.8	
1823	2	NA	NA	NA	month	1.4	
1823	3	NA	NA	NA	month	2.8	
1823	4	NA	NA	NA	month	6.5	
1823	5	NA	NA	NA	month	14.2	
1823	6	NA	NA	NA	month	14.9	
1823	7	NA	NA	NA	month	16.9	
1823	8	NA	NA	NA	month	18.6	
1823	9	NA	NA	NA	month	15.1	
1823	10	NA	NA	NA	month	7.9	
1823	11	NA	NA	NA	month	1.1	
1823	12	NA	NA	NA	month	0.8	
1824	1	NA	NA	NA	month	-3.5	
1824	2	NA	NA	NA	month	0.5	
1824	3	NA	NA	NA	month	1.5	
1824	4	NA	NA	NA	month	5.9	
1824	5	NA	NA	NA	month	12.3	
1824	6	NA	NA	NA	month	14.6	
1824	7	NA	NA	NA	month	20.1	
1824	8	NA	NA	NA	month	17.5	
1824	9	NA	NA	NA	month	15.2	
1824	10	NA	NA	NA	month	8.4	
1824	11	NA	NA	NA	month	4.7	
1824	12	NA	NA	NA	month	1.6	
1825	1	NA	NA	NA	month	-3.8	
1825	2	NA	NA	NA	month	-1.4	
1825	3	NA	NA	NA	month	2	
1825	4	NA	NA	NA	month	9.6	
1825	5	NA	NA	NA	month	11.7	
1825	6	NA	NA	NA	month	14.7	
1825	7	NA	NA	NA	month	15.6	
1825	8	NA	NA	NA	month	16.5	
1825	9	NA	NA	NA	month	14.2	
1825	10	NA	NA	NA	month	8.2	
1825	11	NA	NA	NA	month	3.7	
1825	12	NA	NA	NA	month	2.2	
1826	2	NA	NA	NA	month	1.3	
1826	3	NA	NA	NA	month	4.4	
1826	4	NA	NA	NA	month	7.6	
1826	5	NA	NA	NA	month	10.7	
1826	6	NA	NA	NA	month	14.9	
1826	7	NA	NA	NA	month	18	
1826	8	NA	NA	NA	month	18.9	
1826	9	NA	NA	NA	month	15.1	
1826	10	NA	NA	NA	month	9.4	
1826	11	NA	NA	NA	month	1.7	
1826	12	NA	NA	NA	month	-0.2	
1827	1	NA	NA	NA	month	-2.8	
1827	2	NA	NA	NA	month	-4.4	
1827	3	NA	NA	NA	month	3.9	
1827	4	NA	NA	NA	month	9	
1827	5	NA	NA	NA	month	13.6	
1827	6	NA	NA	NA	month	15.2	
1827	7	NA	NA	NA	month	18.7	
1827	8	NA	NA	NA	month	15.7	
1827	9	NA	NA	NA	month	12.8	
1827	10	NA	NA	NA	month	9	
1827	11	NA	NA	NA	month	0.1	
1827	12	NA	NA	NA	month	1.8	
1828	1	NA	NA	NA	month	0.3	
1828	2	NA	NA	NA	month	0.4	
1828	3	NA	NA	NA	month	3.5	
1828	4	NA	NA	NA	month	8.2	
1828	5	NA	NA	NA	month	13.2	
1828	6	NA	NA	NA	month	16.2	
1828	7	NA	NA	NA	month	16.9	
1828	8	NA	NA	NA	month	15.3	
1828	9	NA	NA	NA	month	13.6	
1828	10	NA	NA	NA	month	8	
1828	11	NA	NA	NA	month	3	
1828	12	NA	NA	NA	month	-0.3	
1829	1	NA	NA	NA	month	-4.6	
1829	2	NA	NA	NA	month	-2	
1829	3	NA	NA	NA	month	4.1	
1829	4	NA	NA	NA	month	8.1	
1829	5	NA	NA	NA	month	12	
1829	6	NA	NA	NA	month	14	
1829	7	NA	NA	NA	month	17.3	
1829	8	NA	NA	NA	month	14.8	
1829	9	NA	NA	NA	month	11.8	
1829	10	NA	NA	NA	month	6.2	
1829	11	NA	NA	NA	month	0.7	
1829	12	NA	NA	NA	month	-5.5	
1830	1	NA	NA	NA	month	-8.2	
1830	2	NA	NA	NA	month	-3.1	
1830	3	NA	NA	NA	month	5.6	
1830	4	NA	NA	NA	month	10.2	
1830	5	NA	NA	NA	month	12.5	
1830	6	NA	NA	NA	month	14.4	
1830	7	NA	NA	NA	month	17.8	
1830	8	NA	NA	NA	month	16.3	
1830	9	NA	NA	NA	month	10.9	
1830	10	NA	NA	NA	month	7.5	
1830	11	NA	NA	NA	month	3.6	
1830	12	NA	NA	NA	month	-1.8	
1831	1	NA	NA	NA	month	-4.3	
1831	2	NA	NA	NA	month	-0.5	
1831	3	NA	NA	NA	month	5.1	
1831	4	NA	NA	NA	month	8.7	
1831	5	NA	NA	NA	month	11.8	
1831	6	NA	NA	NA	month	14.5	
1831	7	NA	NA	NA	month	17.2	
1831	8	NA	NA	NA	month	16.5	
1831	9	NA	NA	NA	month	11.6	
1831	10	NA	NA	NA	month	10.7	
1831	11	NA	NA	NA	month	3.9	
1831	12	NA	NA	NA	month	-0.1	
1832	5	NA	NA	NA	month	11.3	
1832	6	NA	NA	NA	month	14.3	
1832	7	NA	NA	NA	month	17.8	
1832	8	NA	NA	NA	month	18.7	
1832	9	NA	NA	NA	month	12.6	
1832	10	NA	NA	NA	month	7.7	
1832	11	NA	NA	NA	month	2.2	
1832	12	NA	NA	NA	month	-0.4	
1833	1	NA	NA	NA	month	-4.5	
1833	2	NA	NA	NA	month	3.1	
1833	3	NA	NA	NA	month	2.2	
1833	4	NA	NA	NA	month	5.9	
1833	5	NA	NA	NA	month	15.9	
1833	6	NA	NA	NA	month	16.4	
1833	7	NA	NA	NA	month	14.6	
1833	8	NA	NA	NA	month	14.6	
1833	9	NA	NA	NA	month	12.4	
1833	10	NA	NA	NA	month	8.5	
1833	11	NA	NA	NA	month	2.4	
