SEF	1.0.0
ID	Zurich_Hofmeister
Name	Zürich
Lat	47.37318
Lon	8.54759
Alt	430
Source	GCOS
Link	
Vbl	ta
Stat	mean
Units	C
Meta	Observer=Hofmeister|QC software=dataresqc v1.1.0|QC software=dataresqc v1.1.0
Year	Month	Day	Hour	Minute	Period	Value	Meta
1834	9	NA	NA	NA	month	NA	
1834	10	NA	NA	NA	month	NA	
1834	11	NA	NA	NA	month	NA	
1834	12	NA	NA	NA	month	0.3	
1835	1	NA	NA	NA	month	0.8	
1835	2	NA	NA	NA	month	3.2	
1835	3	NA	NA	NA	month	5	
1835	4	NA	NA	NA	month	9.1	
1835	5	NA	NA	NA	month	NA	
1835	6	NA	NA	NA	month	18.1	
1835	7	NA	NA	NA	month	21.1	
1835	8	NA	NA	NA	month	18.4	
1835	9	NA	NA	NA	month	13.9	
1835	10	NA	NA	NA	month	7.7	
1835	11	NA	NA	NA	month	0.8	
1835	12	NA	NA	NA	month	-2.7	
1836	1	NA	NA	NA	month	-1.4	
1836	2	NA	NA	NA	month	0.3	
1836	3	NA	NA	NA	month	6.7	
1836	4	NA	NA	NA	month	8.2	
1836	5	NA	NA	NA	month	11.4	
1836	6	NA	NA	NA	month	17.3	
1836	7	NA	NA	NA	month	19.6	
1836	8	NA	NA	NA	month	18.7	
1836	9	NA	NA	NA	month	13.2	
1836	10	NA	NA	NA	month	9.5	
1836	11	NA	NA	NA	month	4.7	
1836	12	NA	NA	NA	month	2.4	
1837	1	NA	NA	NA	month	-0.7	
1837	2	NA	NA	NA	month	1.1	
1837	3	NA	NA	NA	month	1.4	
1837	4	NA	NA	NA	month	6.6	
1837	5	NA	NA	NA	month	10.8	
1837	6	NA	NA	NA	month	19.1	
1837	7	NA	NA	NA	month	18.6	
1837	8	NA	NA	NA	month	NA	
1837	9	NA	NA	NA	month	12.8	
1837	10	NA	NA	NA	month	9.7	
1837	11	NA	NA	NA	month	3.9	
1837	12	NA	NA	NA	month	1.7	
1838	1	NA	NA	NA	month	-5.1	
1838	2	NA	NA	NA	month	0.1	
1838	3	NA	NA	NA	month	5	
1838	4	NA	NA	NA	month	6.3	
1838	5	NA	NA	NA	month	14.1	
1838	6	NA	NA	NA	month	17.3	
1838	7	NA	NA	NA	month	NA	
1838	8	NA	NA	NA	month	17.2	
1838	9	NA	NA	NA	month	15.2	
1838	10	NA	NA	NA	month	10	
1838	11	NA	NA	NA	month	6.1	
1838	12	NA	NA	NA	month	0.7	
1840	1	NA	NA	NA	month	1.8	
1840	2	NA	NA	NA	month	1	
1840	3	NA	NA	NA	month	1.3	
1840	4	NA	NA	NA	month	11.5	
1840	5	NA	NA	NA	month	14.6	
1840	6	NA	NA	NA	month	17.7	
1840	7	NA	NA	NA	month	NA	
1840	8	NA	NA	NA	month	18.8	
1840	9	NA	NA	NA	month	NA	
1840	10	NA	NA	NA	month	7.7	
1840	11	NA	NA	NA	month	6.8	
1840	12	NA	NA	NA	month	-3.8	
1841	1	NA	NA	NA	month	-0.4	
1841	2	NA	NA	NA	month	0.1	
1841	3	NA	NA	NA	month	6.7	
1841	4	NA	NA	NA	month	9.8	
1841	5	NA	NA	NA	month	18	
1841	6	NA	NA	NA	month	16	
1841	7	NA	NA	NA	month	NA	
1841	8	NA	NA	NA	month	NA	
1841	9	NA	NA	NA	month	16.5	
1841	10	NA	NA	NA	month	11.4	
1841	11	NA	NA	NA	month	5.6	
1841	12	NA	NA	NA	month	4.1	
