SEF	1.0.0
ID	Gurzelen
Name	Gurzelen
Lat	46.78
Lon	7.533
Alt	599
Source	GCOS
Link	
Vbl	p
Stat	mean
Units	hPa
Meta	Observer=Sprüngli | PTC=N | PGC=Y|QC software=dataresqc v1.1.0
Year	Month	Day	Hour	Minute	Period	Value	Meta
1768	9	NA	NA	NA	month	948.2	
1768	10	NA	NA	NA	month	947.8	
1768	11	NA	NA	NA	month	948	
1768	12	NA	NA	NA	month	952.9	
1769	1	NA	NA	NA	month	946.4	
1769	2	NA	NA	NA	month	942	
1769	3	NA	NA	NA	month	949.4	
1769	4	NA	NA	NA	month	945	
1769	5	NA	NA	NA	month	947.5	
1769	6	NA	NA	NA	month	950.5	
1769	7	NA	NA	NA	month	952.6	
1769	8	NA	NA	NA	month	951	
1769	9	NA	NA	NA	month	950.9	
1769	10	NA	NA	NA	month	949.8	
1769	11	NA	NA	NA	month	947.2	
1769	12	NA	NA	NA	month	952.8	
1770	1	NA	NA	NA	month	951.1	
1770	2	NA	NA	NA	month	949.4	
1770	3	NA	NA	NA	month	939.9	
1770	4	NA	NA	NA	month	940.5	
1770	5	NA	NA	NA	month	943.7	
1770	6	NA	NA	NA	month	951.1	
1770	7	NA	NA	NA	month	951.1	
1770	8	NA	NA	NA	month	NA	
1770	9	NA	NA	NA	month	951.2	
1770	10	NA	NA	NA	month	945.2	
1770	11	NA	NA	NA	month	941.9	
1770	12	NA	NA	NA	month	948	
1771	1	NA	NA	NA	month	940.7	
1771	2	NA	NA	NA	month	949.5	
1771	3	NA	NA	NA	month	940	
1771	4	NA	NA	NA	month	945.3	
1771	5	NA	NA	NA	month	946.8	
1771	6	NA	NA	NA	month	948.9	
1771	7	NA	NA	NA	month	954.1	
1771	8	NA	NA	NA	month	951.1	
1771	9	NA	NA	NA	month	949.4	
1771	10	NA	NA	NA	month	951.6	
1771	11	NA	NA	NA	month	955.6	
1771	12	NA	NA	NA	month	943.3	
1772	1	NA	NA	NA	month	937.2	
1772	2	NA	NA	NA	month	939.4	
1772	3	NA	NA	NA	month	938.1	
1772	4	NA	NA	NA	month	944.3	
1772	5	NA	NA	NA	month	945.6	
1772	6	NA	NA	NA	month	953.8	
1772	7	NA	NA	NA	month	950.9	
1772	8	NA	NA	NA	month	950.2	
1772	9	NA	NA	NA	month	948.5	
1772	10	NA	NA	NA	month	953.2	
1772	11	NA	NA	NA	month	947.4	
1772	12	NA	NA	NA	month	950.2	
1773	1	NA	NA	NA	month	948.5	
1773	2	NA	NA	NA	month	949.2	
1773	3	NA	NA	NA	month	950.5	
1773	4	NA	NA	NA	month	946.5	
1773	5	NA	NA	NA	month	946	
1773	6	NA	NA	NA	month	947.6	
1773	7	NA	NA	NA	month	951.4	
1773	8	NA	NA	NA	month	951.6	
1773	9	NA	NA	NA	month	951.8	
1773	10	NA	NA	NA	month	953.5	
1773	11	NA	NA	NA	month	943.6	
1773	12	NA	NA	NA	month	943	
1774	1	NA	NA	NA	month	941	
1774	2	NA	NA	NA	month	949.1	
1774	3	NA	NA	NA	month	945.9	
1774	4	NA	NA	NA	month	945.4	
1774	5	NA	NA	NA	month	945.8	
1774	6	NA	NA	NA	month	949.8	
1774	7	NA	NA	NA	month	953.5	
1774	8	NA	NA	NA	month	952.4	
1774	9	NA	NA	NA	month	946.5	
1774	10	NA	NA	NA	month	954.7	
1774	11	NA	NA	NA	month	942.5	
1774	12	NA	NA	NA	month	953.6	
1775	1	NA	NA	NA	month	951.4	
1775	2	NA	NA	NA	month	951.8	
1775	3	NA	NA	NA	month	948	
1775	4	NA	NA	NA	month	952.2	
1775	5	NA	NA	NA	month	950.5	
1775	6	NA	NA	NA	month	949.4	
1775	7	NA	NA	NA	month	951.3	
1775	8	NA	NA	NA	month	951.4	
1775	9	NA	NA	NA	month	949.3	
1775	10	NA	NA	NA	month	950.4	
1775	11	NA	NA	NA	month	943.9	
1775	12	NA	NA	NA	month	954	
1776	1	NA	NA	NA	month	938.3	
1776	2	NA	NA	NA	month	943.8	
1776	3	NA	NA	NA	month	948.6	
1776	4	NA	NA	NA	month	948.4	
1776	5	NA	NA	NA	month	947.7	
1776	6	NA	NA	NA	month	949.6	
1776	7	NA	NA	NA	month	951.5	
1776	8	NA	NA	NA	month	951.7	
1776	9	NA	NA	NA	month	947.4	
1776	10	NA	NA	NA	month	952.3	
1776	11	NA	NA	NA	month	949.8	
1776	12	NA	NA	NA	month	950.5	
1777	1	NA	NA	NA	month	945.9	
1777	2	NA	NA	NA	month	942.7	
1777	3	NA	NA	NA	month	945.2	
1777	4	NA	NA	NA	month	948.5	
1777	5	NA	NA	NA	month	945.8	
1777	6	NA	NA	NA	month	949.7	
1777	7	NA	NA	NA	month	950.8	
1777	8	NA	NA	NA	month	954	
1777	9	NA	NA	NA	month	954	
1777	10	NA	NA	NA	month	948.7	
1777	11	NA	NA	NA	month	951.7	
1777	12	NA	NA	NA	month	943.7	
1778	1	NA	NA	NA	month	944.4	
1778	2	NA	NA	NA	month	945.1	
1778	3	NA	NA	NA	month	943.1	
1778	4	NA	NA	NA	month	943.9	
1778	5	NA	NA	NA	month	950.1	
1778	6	NA	NA	NA	month	952.4	
1778	7	NA	NA	NA	month	952.7	
1778	8	NA	NA	NA	month	955	
1778	9	NA	NA	NA	month	950.1	
1778	10	NA	NA	NA	month	943.1	
1778	11	NA	NA	NA	month	949.4	
1778	12	NA	NA	NA	month	953	
1779	1	NA	NA	NA	month	956.9	
1779	2	NA	NA	NA	month	963.3	
1779	3	NA	NA	NA	month	955.6	
1779	4	NA	NA	NA	month	954.5	
1779	5	NA	NA	NA	month	950.1	
1779	6	NA	NA	NA	month	946.9	
1779	7	NA	NA	NA	month	951.2	
1779	8	NA	NA	NA	month	952.5	
1779	9	NA	NA	NA	month	953.5	
1779	10	NA	NA	NA	month	953.2	
1779	11	NA	NA	NA	month	943	
1779	12	NA	NA	NA	month	945.8	
1780	1	NA	NA	NA	month	943.2	
1780	2	NA	NA	NA	month	948.3	
1780	3	NA	NA	NA	month	955.8	
1780	4	NA	NA	NA	month	943.6	
1780	5	NA	NA	NA	month	951.9	
1780	6	NA	NA	NA	month	952.6	
1780	7	NA	NA	NA	month	953	
1780	8	NA	NA	NA	month	950.7	
1780	9	NA	NA	NA	month	949.7	
1780	10	NA	NA	NA	month	947.6	
1780	11	NA	NA	NA	month	946.4	
1780	12	NA	NA	NA	month	956.4	
1781	1	NA	NA	NA	month	950.6	
1781	2	NA	NA	NA	month	948.3	
1781	3	NA	NA	NA	month	954.7	
1781	4	NA	NA	NA	month	947.1	
1781	5	NA	NA	NA	month	948.3	
1781	6	NA	NA	NA	month	NA	
1781	7	NA	NA	NA	month	954.6	
1781	8	NA	NA	NA	month	952.3	
1781	9	NA	NA	NA	month	950.5	
1781	10	NA	NA	NA	month	952.6	
1781	11	NA	NA	NA	month	946.4	
1781	12	NA	NA	NA	month	950.7	
1782	1	NA	NA	NA	month	950	
1782	2	NA	NA	NA	month	948.8	
1782	3	NA	NA	NA	month	946.5	
1782	4	NA	NA	NA	month	939.3	
1782	5	NA	NA	NA	month	946.6	
1782	6	NA	NA	NA	month	954.9	
1782	7	NA	NA	NA	month	952.6	
1782	8	NA	NA	NA	month	949.5	
1782	9	NA	NA	NA	month	952.8	
1782	10	NA	NA	NA	month	947.3	
1782	11	NA	NA	NA	month	946.3	
1782	12	NA	NA	NA	month	952.7	
1783	1	NA	NA	NA	month	945.2	
1783	2	NA	NA	NA	month	950.1	
1783	3	NA	NA	NA	month	941.9	
1783	4	NA	NA	NA	month	954.3	
1783	5	NA	NA	NA	month	944.6	
1783	6	NA	NA	NA	month	949.7	
1783	7	NA	NA	NA	month	953.2	
1783	8	NA	NA	NA	month	952.3	
1783	9	NA	NA	NA	month	950.3	
1783	10	NA	NA	NA	month	952.7	
1783	11	NA	NA	NA	month	950.6	
1783	12	NA	NA	NA	month	947.9	
1784	1	NA	NA	NA	month	942.9	
1784	2	NA	NA	NA	month	942.6	
1784	3	NA	NA	NA	month	941.4	
1784	4	NA	NA	NA	month	944.1	
1784	5	NA	NA	NA	month	954.8	
1784	6	NA	NA	NA	month	952.1	
1784	7	NA	NA	NA	month	953	
1784	8	NA	NA	NA	month	952.3	
1784	9	NA	NA	NA	month	953.6	
1784	10	NA	NA	NA	month	NA	
1784	12	NA	NA	NA	month	NA	
