SEF	1.0.0
ID	Bern_Benoit
Name	Bern
Lat	46.947504
Lon	7.450855
Alt	542
Source	GCOS
Link	
Vbl	ta
Stat	mean
Units	C
Meta	Observer=Benoit|QC software=dataresqc v1.1.0
Year	Month	Day	Hour	Minute	Period	Value	Meta
1837	10	NA	NA	NA	month	7.8	
1837	11	NA	NA	NA	month	2	
1837	12	NA	NA	NA	month	-0.4	
1838	1	NA	NA	NA	month	-6.8	
1838	2	NA	NA	NA	month	-1.2	
1838	3	NA	NA	NA	month	4	
1838	4	NA	NA	NA	month	5.9	
1838	5	NA	NA	NA	month	NA	
1838	6	NA	NA	NA	month	15.6	
1838	7	NA	NA	NA	month	18.4	
1838	8	NA	NA	NA	month	16.6	
1838	9	NA	NA	NA	month	14.4	
1838	10	NA	NA	NA	month	8.6	
1838	11	NA	NA	NA	month	4.5	
1838	12	NA	NA	NA	month	-1.9	
1839	1	NA	NA	NA	month	-1.7	
1839	2	NA	NA	NA	month	0.8	
1839	3	NA	NA	NA	month	3.2	
1839	4	NA	NA	NA	month	5.7	
1839	5	NA	NA	NA	month	12.1	
1839	6	NA	NA	NA	month	18.6	
1839	7	NA	NA	NA	month	18.4	
1839	8	NA	NA	NA	month	15.6	
1839	9	NA	NA	NA	month	13.4	
1839	10	NA	NA	NA	month	10.4	
1839	11	NA	NA	NA	month	5.1	
1839	12	NA	NA	NA	month	2.8	
1840	1	NA	NA	NA	month	0.7	
1840	2	NA	NA	NA	month	-0.6	
1840	3	NA	NA	NA	month	-0.1	
1840	4	NA	NA	NA	month	9.5	
1840	5	NA	NA	NA	month	12.8	
1840	6	NA	NA	NA	month	16.6	
1840	7	NA	NA	NA	month	16	
1840	8	NA	NA	NA	month	18	
1840	9	NA	NA	NA	month	13.8	
1840	10	NA	NA	NA	month	6.9	
1840	11	NA	NA	NA	month	5.1	
1840	12	NA	NA	NA	month	-4.7	
1841	1	NA	NA	NA	month	-2.2	
1841	2	NA	NA	NA	month	0	
1841	3	NA	NA	NA	month	5.9	
1841	4	NA	NA	NA	month	8.1	
1841	5	NA	NA	NA	month	16	
1841	6	NA	NA	NA	month	14.6	
1841	7	NA	NA	NA	month	16.7	
1841	8	NA	NA	NA	month	16.5	
1841	9	NA	NA	NA	month	15	
1841	10	NA	NA	NA	month	10.1	
1841	11	NA	NA	NA	month	3.8	
1841	12	NA	NA	NA	month	1.8	
1842	1	NA	NA	NA	month	-4.3	
1842	2	NA	NA	NA	month	-2.4	
1842	3	NA	NA	NA	month	4.6	
1842	4	NA	NA	NA	month	7.7	
1842	5	NA	NA	NA	month	13.4	
1842	6	NA	NA	NA	month	18.2	
1842	7	NA	NA	NA	month	18	
1842	8	NA	NA	NA	month	18.8	
1842	9	NA	NA	NA	month	12.2	
1842	10	NA	NA	NA	month	5.3	
1842	11	NA	NA	NA	month	1.1	
1842	12	NA	NA	NA	month	-0.1	
1843	1	NA	NA	NA	month	-0.3	
1843	2	NA	NA	NA	month	2.8	
1843	3	NA	NA	NA	month	4.2	
1843	4	NA	NA	NA	month	8.8	
1843	5	NA	NA	NA	month	11.5	
1843	6	NA	NA	NA	month	14.5	
1843	7	NA	NA	NA	month	16.2	
1843	8	NA	NA	NA	month	16.2	
1843	9	NA	NA	NA	month	12.6	
1843	10	NA	NA	NA	month	8.3	
1843	11	NA	NA	NA	month	3.5	
1843	12	NA	NA	NA	month	-1.2	
1844	1	NA	NA	NA	month	-2.2	
1844	2	NA	NA	NA	month	-0.4	
1844	3	NA	NA	NA	month	3.7	
1844	4	NA	NA	NA	month	10.4	
1844	5	NA	NA	NA	month	10.2	
1844	6	NA	NA	NA	month	17.3	
1844	7	NA	NA	NA	month	16.8	
1844	8	NA	NA	NA	month	14.6	
1844	9	NA	NA	NA	month	14.4	
1844	10	NA	NA	NA	month	9.2	
1844	11	NA	NA	NA	month	4.5	
1844	12	NA	NA	NA	month	-3	
1845	1	NA	NA	NA	month	-0.9	
1845	2	NA	NA	NA	month	-4	
1845	3	NA	NA	NA	month	1.7	
1845	4	NA	NA	NA	month	7.8	
1845	5	NA	NA	NA	month	9.6	
1845	6	NA	NA	NA	month	16.7	
1845	7	NA	NA	NA	month	17.9	
1845	8	NA	NA	NA	month	14.9	
1845	9	NA	NA	NA	month	14.9	
1845	10	NA	NA	NA	month	9.1	
1845	11	NA	NA	NA	month	5.1	
1845	12	NA	NA	NA	month	2	
1846	1	NA	NA	NA	month	-1.4	
1846	2	NA	NA	NA	month	3.8	
1846	3	NA	NA	NA	month	5.9	
1846	4	NA	NA	NA	month	8.3	
1846	5	NA	NA	NA	month	13.2	
1846	6	NA	NA	NA	month	18.4	
1846	7	NA	NA	NA	month	19.3	
1846	8	NA	NA	NA	month	18.2	
1846	9	NA	NA	NA	month	14.4	
1846	10	NA	NA	NA	month	9.1	
1846	11	NA	NA	NA	month	3	
1846	12	NA	NA	NA	month	-3.6	
1847	1	NA	NA	NA	month	-1.5	
1847	2	NA	NA	NA	month	-1.2	
1847	3	NA	NA	NA	month	2.7	
1847	4	NA	NA	NA	month	5.6	
1847	5	NA	NA	NA	month	15.3	
1847	6	NA	NA	NA	month	13.2	
1847	7	NA	NA	NA	month	18.1	
1847	8	NA	NA	NA	month	16.8	
1847	9	NA	NA	NA	month	11.3	
1847	10	NA	NA	NA	month	9.2	
1847	11	NA	NA	NA	month	3.5	
1847	12	NA	NA	NA	month	-1.9	
1848	1	NA	NA	NA	month	-5.5	
1848	2	NA	NA	NA	month	2.5	
1848	3	NA	NA	NA	month	4.6	
1848	4	NA	NA	NA	month	10.6	
1848	5	NA	NA	NA	month	14.6	
1848	6	NA	NA	NA	month	17.5	
1848	7	NA	NA	NA	month	19.2	
1848	8	NA	NA	NA	month	18.5	
1848	9	NA	NA	NA	month	13.9	
1848	10	NA	NA	NA	month	9.5	
1848	11	NA	NA	NA	month	2.5	
1848	12	NA	NA	NA	month	0.7	
1849	1	NA	NA	NA	month	1.6	
1849	2	NA	NA	NA	month	3.2	
1849	3	NA	NA	NA	month	3.9	
1849	4	NA	NA	NA	month	7.1	
1849	5	NA	NA	NA	month	14.2	
1849	6	NA	NA	NA	month	18.9	
1849	7	NA	NA	NA	month	19.3	
1849	8	NA	NA	NA	month	17.3	
1849	9	NA	NA	NA	month	15.7	
1849	10	NA	NA	NA	month	10.3	
1849	11	NA	NA	NA	month	1.3	
1849	12	NA	NA	NA	month	-0.9	
1850	1	NA	NA	NA	month	-2	
1850	2	NA	NA	NA	month	4.6	
1850	3	NA	NA	NA	month	2.9	
1850	4	NA	NA	NA	month	9	
1850	5	NA	NA	NA	month	11.9	
1850	6	NA	NA	NA	month	17.7	
1850	7	NA	NA	NA	month	18.6	
1850	8	NA	NA	NA	month	17.8	
1850	9	NA	NA	NA	month	13	
1850	10	NA	NA	NA	month	7.3	
1850	11	NA	NA	NA	month	5.7	
1850	12	NA	NA	NA	month	0.2	
1851	1	NA	NA	NA	month	0.4	
1851	2	NA	NA	NA	month	0.7	
1851	3	NA	NA	NA	month	3.9	
1851	4	NA	NA	NA	month	9.9	
1851	5	NA	NA	NA	month	11.1	
1851	6	NA	NA	NA	month	18.1	
1851	7	NA	NA	NA	month	17.8	
1851	8	NA	NA	NA	month	18.1	
1851	9	NA	NA	NA	month	12	
1851	10	NA	NA	NA	month	9.6	
1851	11	NA	NA	NA	month	0.1	
1851	12	NA	NA	NA	month	-5.1	
1852	1	NA	NA	NA	month	0.3	
1852	2	NA	NA	NA	month	2.3	
1852	3	NA	NA	NA	month	2.7	
1852	4	NA	NA	NA	month	8.6	
1852	5	NA	NA	NA	month	14.3	
1852	6	NA	NA	NA	month	16.5	
1852	7	NA	NA	NA	month	19.9	
1852	8	NA	NA	NA	month	17.5	
1852	9	NA	NA	NA	month	14.1	
1852	10	NA	NA	NA	month	8.6	
1852	11	NA	NA	NA	month	7.3	
1852	12	NA	NA	NA	month	2.9	
1853	1	NA	NA	NA	month	2	
1853	2	NA	NA	NA	month	-0.4	
1853	3	NA	NA	NA	month	1.1	
1853	4	NA	NA	NA	month	NA	
