SEF	1.0.0
ID	Bueren
Name	Büren an der Aare
Lat	47.139749
Lon	7.374165
Alt	440
Source	GCOS
Link	
Vbl	p
Stat	mean
Units	hPa
Meta	Observer=Studer | PGC=Y | PTC=N|QC software=dataresqc v1.1.0
Year	Month	Day	Hour	Minute	Period	Value	Meta
1789	12	NA	NA	NA	month	NA	
1790	1	NA	NA	NA	month	977.8	
1790	2	NA	NA	NA	month	980.5	
1790	3	NA	NA	NA	month	974.3	
1790	4	NA	NA	NA	month	NA	
1790	5	NA	NA	NA	month	965.8	
1790	6	NA	NA	NA	month	969.4	
1790	7	NA	NA	NA	month	NA	
1790	8	NA	NA	NA	month	966.9	
1790	9	NA	NA	NA	month	NA	
