SEF	1.0.0
ID	Gurzelen
Name	Gurzelen
Lat	46.78
Lon	7.533
Alt	599
Source	GCOS
Link	
Vbl	ta
Stat	mean
Units	C
Meta	Observer=Sprüngli|QC software=dataresqc v1.1.0
Year	Month	Day	Hour	Minute	Period	Value	Meta
1766	2	NA	NA	NA	month	NA	
1766	12	NA	NA	NA	month	NA	
1767	1	NA	NA	NA	month	-0.6	
1767	2	NA	NA	NA	month	6.2	
1767	3	NA	NA	NA	month	4.8	
1767	4	NA	NA	NA	month	6.9	
1767	5	NA	NA	NA	month	NA	
1768	3	NA	NA	NA	month	NA	
1768	4	NA	NA	NA	month	8.7	
1768	5	NA	NA	NA	month	NA	
1768	10	NA	NA	NA	month	NA	
1768	11	NA	NA	NA	month	NA	
1768	12	NA	NA	NA	month	2.2	
1769	1	NA	NA	NA	month	2.3	
1769	2	NA	NA	NA	month	2.9	
1769	3	NA	NA	NA	month	4.1	
1769	4	NA	NA	NA	month	7.7	
1769	5	NA	NA	NA	month	NA	
1769	10	NA	NA	NA	month	5.8	
1769	11	NA	NA	NA	month	6.8	
1769	12	NA	NA	NA	month	2.7	
1770	1	NA	NA	NA	month	1.1	
1770	2	NA	NA	NA	month	2.1	
1770	3	NA	NA	NA	month	3.5	
1770	4	NA	NA	NA	month	6.1	
1770	5	NA	NA	NA	month	NA	
1771	1	NA	NA	NA	month	1.4	
1771	2	NA	NA	NA	month	1.7	
1771	3	NA	NA	NA	month	4.5	
1771	4	NA	NA	NA	month	5.8	
1771	5	NA	NA	NA	month	11.2	
1771	6	NA	NA	NA	month	11.4	
1771	7	NA	NA	NA	month	13.6	
1771	8	NA	NA	NA	month	12.8	
1771	9	NA	NA	NA	month	11.2	
1771	10	NA	NA	NA	month	7.9	
1771	11	NA	NA	NA	month	3.1	
1771	12	NA	NA	NA	month	2.9	
1772	1	NA	NA	NA	month	1.1	
1772	2	NA	NA	NA	month	4	
1772	3	NA	NA	NA	month	5.8	
1772	4	NA	NA	NA	month	7.5	
1772	5	NA	NA	NA	month	9.1	
1772	6	NA	NA	NA	month	13.1	
1772	7	NA	NA	NA	month	12.9	
1772	8	NA	NA	NA	month	13.6	
1772	9	NA	NA	NA	month	12.1	
1772	10	NA	NA	NA	month	8.5	
1772	11	NA	NA	NA	month	5.2	
1772	12	NA	NA	NA	month	2.6	
1773	1	NA	NA	NA	month	2.6	
1773	2	NA	NA	NA	month	0	
1773	3	NA	NA	NA	month	3.7	
1773	4	NA	NA	NA	month	6.5	
1773	5	NA	NA	NA	month	9.6	
1773	6	NA	NA	NA	month	11.3	
1773	7	NA	NA	NA	month	12.1	
1773	8	NA	NA	NA	month	11.9	
1773	9	NA	NA	NA	month	11.1	
1773	10	NA	NA	NA	month	7.4	
1773	11	NA	NA	NA	month	3.8	
1773	12	NA	NA	NA	month	2.7	
1774	1	NA	NA	NA	month	1.8	
1774	2	NA	NA	NA	month	2.8	
1774	3	NA	NA	NA	month	5.9	
1774	4	NA	NA	NA	month	7.8	
1774	5	NA	NA	NA	month	9.8	
1774	6	NA	NA	NA	month	12.3	
1774	7	NA	NA	NA	month	12.2	
1774	8	NA	NA	NA	month	13.5	
1774	9	NA	NA	NA	month	10.4	
1774	10	NA	NA	NA	month	6.4	
1774	11	NA	NA	NA	month	2.9	
1774	12	NA	NA	NA	month	-0.6	
1775	1	NA	NA	NA	month	1.6	
1775	2	NA	NA	NA	month	3.7	
1775	3	NA	NA	NA	month	3.9	
1775	4	NA	NA	NA	month	5.5	
1775	5	NA	NA	NA	month	8.8	
1775	6	NA	NA	NA	month	12.7	
1775	7	NA	NA	NA	month	12.8	
1775	8	NA	NA	NA	month	12.7	
1775	9	NA	NA	NA	month	11.2	
1775	10	NA	NA	NA	month	7.6	
1775	11	NA	NA	NA	month	4	
1775	12	NA	NA	NA	month	0.4	
1776	1	NA	NA	NA	month	-1.7	
1776	2	NA	NA	NA	month	3.3	
1776	3	NA	NA	NA	month	5.1	
1776	4	NA	NA	NA	month	7.1	
1776	5	NA	NA	NA	month	8.1	
1776	6	NA	NA	NA	month	12	
1776	7	NA	NA	NA	month	12.8	
1776	8	NA	NA	NA	month	13.2	
1776	9	NA	NA	NA	month	9.6	
1776	10	NA	NA	NA	month	7.4	
1776	11	NA	NA	NA	month	3.8	
1776	12	NA	NA	NA	month	1.2	
1777	1	NA	NA	NA	month	-0.5	
1777	2	NA	NA	NA	month	0.2	
1777	3	NA	NA	NA	month	5.7	
1777	4	NA	NA	NA	month	5.9	
1777	5	NA	NA	NA	month	8.9	
1777	6	NA	NA	NA	month	11.3	
1777	7	NA	NA	NA	month	12	
1777	8	NA	NA	NA	month	13.3	
1777	9	NA	NA	NA	month	10.6	
1777	10	NA	NA	NA	month	8.2	
1777	11	NA	NA	NA	month	4.1	
1777	12	NA	NA	NA	month	-0.5	
1778	1	NA	NA	NA	month	0.5	
1778	2	NA	NA	NA	month	0.5	
1778	3	NA	NA	NA	month	3.7	
1778	4	NA	NA	NA	month	7.4	
1778	5	NA	NA	NA	month	10.2	
1778	6	NA	NA	NA	month	11.5	
1778	7	NA	NA	NA	month	14.1	
1778	8	NA	NA	NA	month	12.9	
1778	9	NA	NA	NA	month	9	
1778	10	NA	NA	NA	month	7.7	
1778	11	NA	NA	NA	month	4.3	
1778	12	NA	NA	NA	month	2.8	
1779	1	NA	NA	NA	month	-3.2	
1779	2	NA	NA	NA	month	1.9	
1779	3	NA	NA	NA	month	3.3	
1779	4	NA	NA	NA	month	8	
1779	5	NA	NA	NA	month	10.4	
1779	6	NA	NA	NA	month	10.2	
1779	7	NA	NA	NA	month	12.8	
1779	8	NA	NA	NA	month	12.2	
1779	9	NA	NA	NA	month	11.2	
1779	10	NA	NA	NA	month	8.6	
1779	11	NA	NA	NA	month	4.3	
1779	12	NA	NA	NA	month	3.7	
1780	1	NA	NA	NA	month	-1.4	
1780	2	NA	NA	NA	month	-1	
1780	3	NA	NA	NA	month	5.6	
1780	4	NA	NA	NA	month	5.4	
1780	5	NA	NA	NA	month	10.5	
1780	6	NA	NA	NA	month	11.9	
1780	7	NA	NA	NA	month	13.1	
1780	8	NA	NA	NA	month	13.2	
1780	9	NA	NA	NA	month	10.8	
1780	10	NA	NA	NA	month	7.7	
1780	11	NA	NA	NA	month	2.9	
1780	12	NA	NA	NA	month	0.2	
1781	1	NA	NA	NA	month	1	
1781	2	NA	NA	NA	month	2.6	
1781	3	NA	NA	NA	month	3.8	
1781	4	NA	NA	NA	month	8.2	
1781	5	NA	NA	NA	month	10.5	
1781	6	NA	NA	NA	month	NA	
1781	7	NA	NA	NA	month	13.2	
1781	8	NA	NA	NA	month	13	
1781	9	NA	NA	NA	month	10.9	
1781	10	NA	NA	NA	month	5.9	
1781	11	NA	NA	NA	month	4	
1781	12	NA	NA	NA	month	2.5	
1782	1	NA	NA	NA	month	1.6	
1782	2	NA	NA	NA	month	-2.2	
1782	3	NA	NA	NA	month	2.8	
1782	4	NA	NA	NA	month	5.7	
1782	5	NA	NA	NA	month	8.7	
1782	6	NA	NA	NA	month	12.4	
1782	7	NA	NA	NA	month	13.7	
1782	8	NA	NA	NA	month	12.4	
1782	9	NA	NA	NA	month	9.7	
1782	10	NA	NA	NA	month	5.6	
1782	11	NA	NA	NA	month	0.8	
1782	12	NA	NA	NA	month	-1.5	
1783	1	NA	NA	NA	month	2.4	
1783	2	NA	NA	NA	month	2.8	
1783	3	NA	NA	NA	month	3.3	
1783	4	NA	NA	NA	month	6.2	
1783	5	NA	NA	NA	month	9.9	
1783	6	NA	NA	NA	month	11.3	
1783	7	NA	NA	NA	month	13.9	
1783	8	NA	NA	NA	month	12.2	
1783	9	NA	NA	NA	month	10.6	
1783	10	NA	NA	NA	month	7.3	
1783	11	NA	NA	NA	month	3.9	
1783	12	NA	NA	NA	month	1.7	
1784	1	NA	NA	NA	month	-0.7	
1784	2	NA	NA	NA	month	-1.1	
1784	3	NA	NA	NA	month	3.2	
1784	4	NA	NA	NA	month	4.5	
1784	5	NA	NA	NA	month	10.2	
1784	6	NA	NA	NA	month	11.9	
1784	7	NA	NA	NA	month	12.7	
1784	8	NA	NA	NA	month	11.2	
1784	9	NA	NA	NA	month	11.2	
1784	10	NA	NA	NA	month	NA	
1784	12	NA	NA	NA	month	NA	
