SEF	1.0.0
ID	Sutz
Name	Sutz
Lat	47.103882
Lon	7.217036
Alt	447
Source	GCOS
Link	NA
Vbl	p
Stat	mean
Units	hPa
Meta	Observer=Sprüngli | PGC=Y | PTC=N
Year	Month	Day	Hour	Minute	Period	Value	Meta
1785	1	NA	NA	NA	month	965.2	
1785	2	NA	NA	NA	month	958.1	
1785	3	NA	NA	NA	month	962.1	
1785	4	NA	NA	NA	month	968.8	
1785	5	NA	NA	NA	month	965.3	
1785	6	NA	NA	NA	month	969.2	
1785	7	NA	NA	NA	month	965.9	
1785	8	NA	NA	NA	month	964.4	
1785	9	NA	NA	NA	month	965.1	
1785	10	NA	NA	NA	month	969.2	
1785	11	NA	NA	NA	month	963.7	
1785	12	NA	NA	NA	month	959.8	
1786	1	NA	NA	NA	month	964.5	
1786	2	NA	NA	NA	month	966.5	
1786	3	NA	NA	NA	month	956.8	
1786	4	NA	NA	NA	month	960.3	
1786	5	NA	NA	NA	month	965.5	
1786	6	NA	NA	NA	month	965.1	
1786	7	NA	NA	NA	month	968.2	
1786	8	NA	NA	NA	month	966.6	
1786	9	NA	NA	NA	month	966	
1786	10	NA	NA	NA	month	968.5	
1786	11	NA	NA	NA	month	959.9	
1786	12	NA	NA	NA	month	960.1	
1787	1	NA	NA	NA	month	971.3	
1787	2	NA	NA	NA	month	969	
1787	3	NA	NA	NA	month	964.5	
1787	4	NA	NA	NA	month	962.7	
1787	5	NA	NA	NA	month	964.5	
1787	6	NA	NA	NA	month	964.9	
1787	7	NA	NA	NA	month	965.9	
1787	8	NA	NA	NA	month	969.6	
1787	9	NA	NA	NA	month	965.8	
1787	10	NA	NA	NA	month	964.6	
1787	11	NA	NA	NA	month	963.2	
1787	12	NA	NA	NA	month	961	
1788	1	NA	NA	NA	month	967.9	
1788	2	NA	NA	NA	month	958.6	
1788	3	NA	NA	NA	month	956.7	
1788	4	NA	NA	NA	month	969.4	
1788	5	NA	NA	NA	month	967.5	
1788	6	NA	NA	NA	month	963.9	
1788	7	NA	NA	NA	month	969.6	
1788	8	NA	NA	NA	month	967.6	
1788	9	NA	NA	NA	month	966.2	
1788	10	NA	NA	NA	month	970.6	
1788	11	NA	NA	NA	month	970.1	
1788	12	NA	NA	NA	month	955.6	
1789	1	NA	NA	NA	month	964.2	
1789	2	NA	NA	NA	month	963	
1789	3	NA	NA	NA	month	954.7	
1789	4	NA	NA	NA	month	961.9	
1789	5	NA	NA	NA	month	966.5	
1789	6	NA	NA	NA	month	964.6	
1789	7	NA	NA	NA	month	966.6	
1789	8	NA	NA	NA	month	968	
1789	9	NA	NA	NA	month	966.5	
1789	10	NA	NA	NA	month	961.8	
1789	11	NA	NA	NA	month	959.7	
1789	12	NA	NA	NA	month	969.4	
1790	1	NA	NA	NA	month	971.7	
1790	2	NA	NA	NA	month	977.4	
1790	3	NA	NA	NA	month	971	
1790	4	NA	NA	NA	month	960.1	
1790	5	NA	NA	NA	month	963.1	
1790	6	NA	NA	NA	month	968.9	
1790	7	NA	NA	NA	month	965.8	
1790	8	NA	NA	NA	month	969.1	
1790	9	NA	NA	NA	month	968.5	
1790	10	NA	NA	NA	month	965.7	
1790	11	NA	NA	NA	month	962.6	
1790	12	NA	NA	NA	month	966	
1791	1	NA	NA	NA	month	962.6	
1791	2	NA	NA	NA	month	966.3	
1791	3	NA	NA	NA	month	971.8	
1791	4	NA	NA	NA	month	962.5	
1791	5	NA	NA	NA	month	965.7	
1791	6	NA	NA	NA	month	964.2	
1791	7	NA	NA	NA	month	967.2	
1791	8	NA	NA	NA	month	970.3	
1791	9	NA	NA	NA	month	968.1	
1791	10	NA	NA	NA	month	961.1	
1791	11	NA	NA	NA	month	962.3	
1791	12	NA	NA	NA	month	957.9	
1792	1	NA	NA	NA	month	960.6	
1792	2	NA	NA	NA	month	967.4	
1792	3	NA	NA	NA	month	964.5	
1792	4	NA	NA	NA	month	968.2	
1792	5	NA	NA	NA	month	966.5	
1792	6	NA	NA	NA	month	965.7	
1792	7	NA	NA	NA	month	966.6	
1792	8	NA	NA	NA	month	966.4	
1792	9	NA	NA	NA	month	964.2	
1792	10	NA	NA	NA	month	964.3	
1792	11	NA	NA	NA	month	968.9	
1792	12	NA	NA	NA	month	963.1	
1793	1	NA	NA	NA	month	968	
1793	2	NA	NA	NA	month	965.6	
1793	3	NA	NA	NA	month	961.3	
1793	4	NA	NA	NA	month	961.6	
1793	5	NA	NA	NA	month	965.2	
1793	6	NA	NA	NA	month	967.5	
1793	7	NA	NA	NA	month	969.7	
1793	8	NA	NA	NA	month	968.9	
1793	9	NA	NA	NA	month	967.7	
1793	10	NA	NA	NA	month	970	
1793	12	NA	NA	NA	month	960.6	
1794	1	NA	NA	NA	month	968.5	
1794	2	NA	NA	NA	month	969.3	
1794	3	NA	NA	NA	month	969.8	
1794	4	NA	NA	NA	month	968.1	
1794	5	NA	NA	NA	month	965.8	
1794	6	NA	NA	NA	month	964.9	
1794	7	NA	NA	NA	month	968.8	
1794	8	NA	NA	NA	month	967.2	
1794	9	NA	NA	NA	month	963.8	
1794	10	NA	NA	NA	month	964.7	
1794	11	NA	NA	NA	month	963.4	
1794	12	NA	NA	NA	month	964	
1795	1	NA	NA	NA	month	963.3	
1795	2	NA	NA	NA	month	957.9	
1795	3	NA	NA	NA	month	961.3	
1795	5	NA	NA	NA	month	968.3	
1795	6	NA	NA	NA	month	962.8	
1795	7	NA	NA	NA	month	965.7	
1795	8	NA	NA	NA	month	967.9	
1795	9	NA	NA	NA	month	969.2	
1795	10	NA	NA	NA	month	966.1	
1795	11	NA	NA	NA	month	963.7	
1795	12	NA	NA	NA	month	970.1	
1796	1	NA	NA	NA	month	969.5	
1796	2	NA	NA	NA	month	961.1	
1796	3	NA	NA	NA	month	962.9	
1796	4	NA	NA	NA	month	964.7	
1796	5	NA	NA	NA	month	962	
1796	6	NA	NA	NA	month	967.6	
1796	7	NA	NA	NA	month	966.2	
1796	8	NA	NA	NA	month	968	
1796	9	NA	NA	NA	month	967.2	
1796	10	NA	NA	NA	month	965.6	
1796	11	NA	NA	NA	month	961.2	
1796	12	NA	NA	NA	month	961.3	
1797	1	NA	NA	NA	month	973.1	
1797	2	NA	NA	NA	month	976.8	
1797	3	NA	NA	NA	month	961.4	
1797	4	NA	NA	NA	month	959.6	
1797	5	NA	NA	NA	month	965.3	
1797	6	NA	NA	NA	month	963.5	
1797	7	NA	NA	NA	month	968.8	
1797	8	NA	NA	NA	month	967.8	
1797	9	NA	NA	NA	month	964.1	
1797	10	NA	NA	NA	month	964.1	
1797	11	NA	NA	NA	month	967.7	
1797	12	NA	NA	NA	month	966.9	
1798	1	NA	NA	NA	month	967.1	
1798	2	NA	NA	NA	month	971.7	
1798	3	NA	NA	NA	month	962.5	
1798	4	NA	NA	NA	month	966.3	
1798	5	NA	NA	NA	month	966.1	
1798	6	NA	NA	NA	month	967.5	
1798	7	NA	NA	NA	month	966	
1798	8	NA	NA	NA	month	969.1	
1798	9	NA	NA	NA	month	964.5	
1798	10	NA	NA	NA	month	968.1	
1798	11	NA	NA	NA	month	960.2	
1798	12	NA	NA	NA	month	961.9	
1799	1	NA	NA	NA	month	967.6	
1799	2	NA	NA	NA	month	962.9	
1799	3	NA	NA	NA	month	959.1	
1799	4	NA	NA	NA	month	957.4	
1799	5	NA	NA	NA	month	962.7	
1799	6	NA	NA	NA	month	965.6	
1799	7	NA	NA	NA	month	964.8	
1799	8	NA	NA	NA	month	966.7	
1799	9	NA	NA	NA	month	964.8	
1799	10	NA	NA	NA	month	965.3	
1799	11	NA	NA	NA	month	968.2	
1799	12	NA	NA	NA	month	959.5	
1800	1	NA	NA	NA	month	958.4	
1800	2	NA	NA	NA	month	961.6	
1800	3	NA	NA	NA	month	960.5	
1800	4	NA	NA	NA	month	963.8	
1800	5	NA	NA	NA	month	963.8	
1800	6	NA	NA	NA	month	965.2	
1800	7	NA	NA	NA	month	969.5	
1800	8	NA	NA	NA	month	967.2	
1800	9	NA	NA	NA	month	963.6	
1800	10	NA	NA	NA	month	968.5	
1800	11	NA	NA	NA	month	962.5	
1800	12	NA	NA	NA	month	961.2	
1801	1	NA	NA	NA	month	966.9	
1801	2	NA	NA	NA	month	961.7	
1801	3	NA	NA	NA	month	966.8	
1801	4	NA	NA	NA	month	965.2	
1801	5	NA	NA	NA	month	962	
1801	6	NA	NA	NA	month	966.6	
1801	7	NA	NA	NA	month	963.4	
1801	8	NA	NA	NA	month	966.7	
1801	9	NA	NA	NA	month	964.3	
1801	10	NA	NA	NA	month	964.2	
1801	11	NA	NA	NA	month	961.7	
1801	12	NA	NA	NA	month	956.5	
1802	1	NA	NA	NA	month	966.4	
1802	2	NA	NA	NA	month	961.4	
1802	3	NA	NA	NA	month	966	
1802	4	NA	NA	NA	month	967.4	
1802	5	NA	NA	NA	month	965.5	
1802	6	NA	NA	NA	month	966.3	
1802	7	NA	NA	NA	month	966.5	
1802	8	NA	NA	NA	month	970.2	
1802	9	NA	NA	NA	month	968.2	
1802	10	NA	NA	NA	month	965	
1802	11	NA	NA	NA	month	957.8	
1802	12	NA	NA	NA	month	961.6	
