SEF	1.0.0
ID	Bueren
Name	Büren an der Aare
Lat	47.139749
Lon	7.374165
Alt	440
Source	GCOS
Link	
Vbl	p
Stat	mean
Units	hPa
Meta	Observer=Studer | PGC=Y | PTC=N|QC software=dataresqc v1.1.0
Year	Month	Day	Hour	Minute	Period	Value	Meta
1789	12	NA	NA	NA	month	NA	
1790	1	NA	NA	NA	month	977.3	
1790	2	NA	NA	NA	month	981.1	
1790	3	NA	NA	NA	month	975.1	
1790	4	NA	NA	NA	month	960.9	
1790	5	NA	NA	NA	month	965.7	
1790	6	NA	NA	NA	month	972	
1790	7	NA	NA	NA	month	968.4	
1790	8	NA	NA	NA	month	972.3	
1790	9	NA	NA	NA	month	970.9	
1790	10	NA	NA	NA	month	967.5	
1790	11	NA	NA	NA	month	963.5	
1790	12	NA	NA	NA	month	966.5	
1791	1	NA	NA	NA	month	961.6	
1791	2	NA	NA	NA	month	966.2	
1791	3	NA	NA	NA	month	972.5	
1791	4	NA	NA	NA	month	964.6	
1791	5	NA	NA	NA	month	968.3	
1791	6	NA	NA	NA	month	967.2	
1791	7	NA	NA	NA	month	970.3	
1791	8	NA	NA	NA	month	973.1	
1791	9	NA	NA	NA	month	970.6	
1791	10	NA	NA	NA	month	962.3	
1791	11	NA	NA	NA	month	962.8	
1791	12	NA	NA	NA	month	958.8	
1792	1	NA	NA	NA	month	959.2	
1792	2	NA	NA	NA	month	967.2	
1792	3	NA	NA	NA	month	964.7	
1792	4	NA	NA	NA	month	969.8	
1792	5	NA	NA	NA	month	968.9	
1792	6	NA	NA	NA	month	967.8	
1792	7	NA	NA	NA	month	969.3	
1792	8	NA	NA	NA	month	968.7	
1792	9	NA	NA	NA	month	966.6	
1792	10	NA	NA	NA	month	966.4	
1792	11	NA	NA	NA	month	969.9	
1792	12	NA	NA	NA	month	964.7	
1793	1	NA	NA	NA	month	968	
1793	2	NA	NA	NA	month	965.4	
1793	3	NA	NA	NA	month	961.8	
1793	4	NA	NA	NA	month	NA	
1793	5	NA	NA	NA	month	967.9	
1793	6	NA	NA	NA	month	970.4	
1793	7	NA	NA	NA	month	972.6	
1793	8	NA	NA	NA	month	971.9	
1793	9	NA	NA	NA	month	970.3	
1793	10	NA	NA	NA	month	972	
1793	11	NA	NA	NA	month	963.2	
1793	12	NA	NA	NA	month	961.2	
1794	1	NA	NA	NA	month	968.5	
1794	2	NA	NA	NA	month	969.1	
1794	3	NA	NA	NA	month	970.1	
1794	4	NA	NA	NA	month	969.4	
1794	5	NA	NA	NA	month	967.7	
1794	6	NA	NA	NA	month	967.3	
1794	7	NA	NA	NA	month	971.4	
1794	8	NA	NA	NA	month	969.3	
1794	9	NA	NA	NA	month	965.8	
1794	10	NA	NA	NA	month	966	
1794	11	NA	NA	NA	month	964.4	
1794	12	NA	NA	NA	month	964.6	
1795	1	NA	NA	NA	month	963.1	
1795	2	NA	NA	NA	month	957.8	
1795	3	NA	NA	NA	month	962.3	
1795	4	NA	NA	NA	month	964.6	
1795	5	NA	NA	NA	month	969.9	
1795	6	NA	NA	NA	month	963.8	
1795	7	NA	NA	NA	month	966.9	
1795	8	NA	NA	NA	month	969.2	
1795	9	NA	NA	NA	month	970.7	
1795	10	NA	NA	NA	month	967.1	
1795	11	NA	NA	NA	month	965.1	
1795	12	NA	NA	NA	month	972.1	
1796	1	NA	NA	NA	month	970.8	
1796	2	NA	NA	NA	month	962.6	
1796	3	NA	NA	NA	month	964.5	
1796	4	NA	NA	NA	month	964.8	
1796	5	NA	NA	NA	month	963.1	
1796	6	NA	NA	NA	month	NA	
1796	7	NA	NA	NA	month	967.4	
1796	8	NA	NA	NA	month	968.8	
1796	9	NA	NA	NA	month	967.7	
1796	10	NA	NA	NA	month	967	
1796	11	NA	NA	NA	month	963.3	
1796	12	NA	NA	NA	month	964.1	
1797	1	NA	NA	NA	month	NA	
