SEF	1.0.0
ID	Neuchatel
Name	Neuchâtel
Lat	46.9912
Lon	6.92968
Alt	434
Source	GCOS
Link	
Vbl	ta
Stat	mean
Units	C
Meta	Observer=Moula|QC software=dataresqc v1.1.0
Year	Month	Day	Hour	Minute	Period	Value	Meta
1754	1	NA	NA	NA	month	0.7	
1754	2	NA	NA	NA	month	0.8	
1754	3	NA	NA	NA	month	2.4	
1754	4	NA	NA	NA	month	8.9	
1754	5	NA	NA	NA	month	15.4	
1754	6	NA	NA	NA	month	17.8	
1754	7	NA	NA	NA	month	18.7	
1754	8	NA	NA	NA	month	20.5	
1754	9	NA	NA	NA	month	16.5	
1754	10	NA	NA	NA	month	12.7	
1754	11	NA	NA	NA	month	7.7	
1754	12	NA	NA	NA	month	2.6	
1755	1	NA	NA	NA	month	-4.3	
1755	2	NA	NA	NA	month	-0.5	
1755	3	NA	NA	NA	month	5.3	
1755	4	NA	NA	NA	month	14.1	
1755	5	NA	NA	NA	month	13.4	
1755	6	NA	NA	NA	month	20.2	
1755	7	NA	NA	NA	month	19.6	
1755	8	NA	NA	NA	month	18.1	
1755	9	NA	NA	NA	month	15.3	
1755	10	NA	NA	NA	month	10.4	
1755	11	NA	NA	NA	month	5.5	
1755	12	NA	NA	NA	month	2	
1756	1	NA	NA	NA	month	2.5	
1756	2	NA	NA	NA	month	3.4	
1756	3	NA	NA	NA	month	5.7	
1756	4	NA	NA	NA	month	9.1	
1756	5	NA	NA	NA	month	12.9	
1756	6	NA	NA	NA	month	19.1	
1756	7	NA	NA	NA	month	19.6	
1756	8	NA	NA	NA	month	18.1	
1756	9	NA	NA	NA	month	16.8	
1756	10	NA	NA	NA	month	10.6	
1756	11	NA	NA	NA	month	3.4	
1756	12	NA	NA	NA	month	-1	
1757	1	NA	NA	NA	month	-1.7	
1757	2	NA	NA	NA	month	0.8	
1757	3	NA	NA	NA	month	4.7	
1757	4	NA	NA	NA	month	10.3	
1757	5	NA	NA	NA	month	14.8	
1757	6	NA	NA	NA	month	18.9	
1757	7	NA	NA	NA	month	22.5	
1757	8	NA	NA	NA	month	18.8	
1757	9	NA	NA	NA	month	13.9	
1757	10	NA	NA	NA	month	7.1	
1757	11	NA	NA	NA	month	6	
1757	12	NA	NA	NA	month	0.9	
1758	1	NA	NA	NA	month	-2.7	
1758	2	NA	NA	NA	month	1.2	
1758	3	NA	NA	NA	month	6	
1758	4	NA	NA	NA	month	9	
1758	5	NA	NA	NA	month	15.1	
1758	6	NA	NA	NA	month	18.4	
1758	7	NA	NA	NA	month	15.5	
1758	8	NA	NA	NA	month	18.2	
1758	9	NA	NA	NA	month	13.9	
1758	10	NA	NA	NA	month	8.7	
1758	11	NA	NA	NA	month	3.9	
1758	12	NA	NA	NA	month	1.9	
1759	1	NA	NA	NA	month	0.8	
1759	2	NA	NA	NA	month	2.8	
1759	3	NA	NA	NA	month	5.5	
1759	4	NA	NA	NA	month	11.2	
1759	5	NA	NA	NA	month	15	
1759	6	NA	NA	NA	month	17.1	
1759	7	NA	NA	NA	month	21.9	
1759	8	NA	NA	NA	month	18.8	
1759	9	NA	NA	NA	month	16.8	
1759	10	NA	NA	NA	month	12.5	
1759	11	NA	NA	NA	month	1.9	
1759	12	NA	NA	NA	month	0.4	
1760	1	NA	NA	NA	month	-0.3	
1760	2	NA	NA	NA	month	1.8	
1760	3	NA	NA	NA	month	4	
1760	4	NA	NA	NA	month	13.3	
1760	5	NA	NA	NA	month	15.4	
1760	6	NA	NA	NA	month	18.7	
1760	7	NA	NA	NA	month	20.3	
1760	8	NA	NA	NA	month	18.4	
1760	9	NA	NA	NA	month	16.5	
1760	10	NA	NA	NA	month	10.9	
1760	11	NA	NA	NA	month	5.6	
1760	12	NA	NA	NA	month	3.8	
1761	1	NA	NA	NA	month	-2.2	
1761	2	NA	NA	NA	month	3.8	
1761	3	NA	NA	NA	month	7.6	
1761	4	NA	NA	NA	month	9.6	
1761	5	NA	NA	NA	month	15.8	
1761	6	NA	NA	NA	month	18.2	
1761	7	NA	NA	NA	month	21.1	
1761	8	NA	NA	NA	month	21	
1761	9	NA	NA	NA	month	17.2	
1761	10	NA	NA	NA	month	9.7	
1761	11	NA	NA	NA	month	5.2	
1761	12	NA	NA	NA	month	-0.6	
1762	1	NA	NA	NA	month	2.4	
1762	2	NA	NA	NA	month	1.4	
1762	3	NA	NA	NA	month	2.7	
1762	4	NA	NA	NA	month	13.2	
1762	5	NA	NA	NA	month	17.4	
1762	6	NA	NA	NA	month	18	
1762	7	NA	NA	NA	month	22.6	
1762	8	NA	NA	NA	month	19.1	
1762	9	NA	NA	NA	month	15.9	
1762	10	NA	NA	NA	month	9.2	
1763	2	NA	NA	NA	month	5.7	
1763	3	NA	NA	NA	month	4.6	
1763	4	NA	NA	NA	month	10.2	
1763	5	NA	NA	NA	month	13.4	
1763	6	NA	NA	NA	month	18.1	
1763	7	NA	NA	NA	month	20	
1763	8	NA	NA	NA	month	21.6	
1763	9	NA	NA	NA	month	NA	
1763	10	NA	NA	NA	month	9.4	
1763	11	NA	NA	NA	month	4.6	
1763	12	NA	NA	NA	month	3.3	
1764	1	NA	NA	NA	month	4.3	
1764	2	NA	NA	NA	month	4.2	
1764	3	NA	NA	NA	month	3.5	
1764	4	NA	NA	NA	month	8.6	
1764	5	NA	NA	NA	month	16.3	
1764	6	NA	NA	NA	month	19	
1764	7	NA	NA	NA	month	20.8	
1764	8	NA	NA	NA	month	17.8	
1764	9	NA	NA	NA	month	14.7	
1764	10	NA	NA	NA	month	8.6	
1764	11	NA	NA	NA	month	4.6	
1764	12	NA	NA	NA	month	2.5	
1765	1	NA	NA	NA	month	2.5	
1765	2	NA	NA	NA	month	NA	
1765	3	NA	NA	NA	month	7	
1765	4	NA	NA	NA	month	9.8	
1765	5	NA	NA	NA	month	14.8	
1765	6	NA	NA	NA	month	19.6	
1765	7	NA	NA	NA	month	NA	
1765	9	NA	NA	NA	month	NA	
1765	10	NA	NA	NA	month	11.3	
1765	11	NA	NA	NA	month	4.6	
1765	12	NA	NA	NA	month	0.2	
1766	1	NA	NA	NA	month	-5	
1766	2	NA	NA	NA	month	-0.5	
1766	3	NA	NA	NA	month	5.3	
1766	4	NA	NA	NA	month	11.3	
1766	5	NA	NA	NA	month	14.6	
1766	6	NA	NA	NA	month	19	
1766	7	NA	NA	NA	month	19.3	
1766	8	NA	NA	NA	month	21	
1766	9	NA	NA	NA	month	17.8	
1766	10	NA	NA	NA	month	12	
1766	11	NA	NA	NA	month	5.8	
1766	12	NA	NA	NA	month	0.5	
1767	1	NA	NA	NA	month	-3.2	
1767	2	NA	NA	NA	month	5.9	
1767	3	NA	NA	NA	month	5.9	
1767	4	NA	NA	NA	month	9.2	
1767	5	NA	NA	NA	month	13.9	
1767	6	NA	NA	NA	month	18	
1767	7	NA	NA	NA	month	20.4	
1767	8	NA	NA	NA	month	20.2	
1767	9	NA	NA	NA	month	16.3	
1767	10	NA	NA	NA	month	11.3	
1767	11	NA	NA	NA	month	8.1	
1767	12	NA	NA	NA	month	-0.6	
1768	1	NA	NA	NA	month	-1.2	
1768	2	NA	NA	NA	month	2.9	
1768	3	NA	NA	NA	month	4.2	
1768	4	NA	NA	NA	month	10.7	
1768	5	NA	NA	NA	month	15.8	
1768	6	NA	NA	NA	month	17.7	
1768	7	NA	NA	NA	month	19.9	
1768	8	NA	NA	NA	month	19.8	
1768	9	NA	NA	NA	month	15.3	
1768	10	NA	NA	NA	month	12.2	
1768	11	NA	NA	NA	month	6.6	
1768	12	NA	NA	NA	month	1.9	
1769	1	NA	NA	NA	month	2	
1769	2	NA	NA	NA	month	2.9	
1769	3	NA	NA	NA	month	4.6	
1769	4	NA	NA	NA	month	10.7	
1769	5	NA	NA	NA	month	15.1	
1769	6	NA	NA	NA	month	16.9	
1769	7	NA	NA	NA	month	20.2	
1769	8	NA	NA	NA	month	19.6	
1769	9	NA	NA	NA	month	16.3	
1769	10	NA	NA	NA	month	7.5	
1769	11	NA	NA	NA	month	7.3	
1769	12	NA	NA	NA	month	2.7	
1770	1	NA	NA	NA	month	0.2	
1770	2	NA	NA	NA	month	1	
1770	3	NA	NA	NA	month	3.8	
1770	4	NA	NA	NA	month	7.7	
1770	5	NA	NA	NA	month	15	
1770	6	NA	NA	NA	month	17.3	
1770	7	NA	NA	NA	month	17.3	
1770	8	NA	NA	NA	month	19.9	
1770	9	NA	NA	NA	month	16.8	
1770	10	NA	NA	NA	month	10.4	
1770	11	NA	NA	NA	month	5.6	
1770	12	NA	NA	NA	month	3.5	
1771	1	NA	NA	NA	month	1.4	
1771	2	NA	NA	NA	month	1.3	
1771	3	NA	NA	NA	month	4.3	
1771	4	NA	NA	NA	month	7.8	
1771	5	NA	NA	NA	month	16.9	
1771	6	NA	NA	NA	month	16.2	
1771	7	NA	NA	NA	month	20.8	
1771	8	NA	NA	NA	month	19.2	
1771	9	NA	NA	NA	month	16.3	
1771	10	NA	NA	NA	month	11.3	
1771	11	NA	NA	NA	month	3.9	
1771	12	NA	NA	NA	month	3.5	
1772	1	NA	NA	NA	month	0.8	
1772	2	NA	NA	NA	month	4.7	
1772	3	NA	NA	NA	month	7.5	
1772	4	NA	NA	NA	month	9.5	
1772	5	NA	NA	NA	month	12.7	
1772	6	NA	NA	NA	month	19.8	
1772	7	NA	NA	NA	month	20.1	
1772	8	NA	NA	NA	month	20.3	
1772	9	NA	NA	NA	month	17.7	
1772	10	NA	NA	NA	month	12.8	
1772	11	NA	NA	NA	month	7.6	
1772	12	NA	NA	NA	month	3.5	
1773	1	NA	NA	NA	month	3	
1773	2	NA	NA	NA	month	-1	
1773	3	NA	NA	NA	month	5.3	
1773	4	NA	NA	NA	month	9.5	
1773	5	NA	NA	NA	month	13.5	
1773	6	NA	NA	NA	month	17.2	
1773	7	NA	NA	NA	month	18.8	
1773	8	NA	NA	NA	month	19.8	
1773	9	NA	NA	NA	month	16.8	
1773	10	NA	NA	NA	month	11.6	
1773	11	NA	NA	NA	month	6.1	
1773	12	NA	NA	NA	month	4	
1774	1	NA	NA	NA	month	2.3	
1774	2	NA	NA	NA	month	3	
1774	3	NA	NA	NA	month	8.9	
1774	4	NA	NA	NA	month	11.7	
1774	5	NA	NA	NA	month	14.8	
1774	6	NA	NA	NA	month	18.6	
1774	7	NA	NA	NA	month	19.3	
1774	8	NA	NA	NA	month	22.1	
1774	9	NA	NA	NA	month	16.3	
1774	10	NA	NA	NA	month	10.4	
1774	11	NA	NA	NA	month	3.4	
1774	12	NA	NA	NA	month	-0.4	
1775	1	NA	NA	NA	month	2.2	
1775	2	NA	NA	NA	month	5.3	
1775	3	NA	NA	NA	month	6.6	
1775	4	NA	NA	NA	month	9.3	
1775	5	NA	NA	NA	month	13.7	
1775	6	NA	NA	NA	month	19.2	
1775	7	NA	NA	NA	month	20	
1775	8	NA	NA	NA	month	19.6	
1775	9	NA	NA	NA	month	17.6	
1775	10	NA	NA	NA	month	11.8	
1775	11	NA	NA	NA	month	5.4	
1775	12	NA	NA	NA	month	1.1	
1776	1	NA	NA	NA	month	-2.4	
1776	2	NA	NA	NA	month	4.1	
1776	3	NA	NA	NA	month	7.3	
1776	4	NA	NA	NA	month	10.4	
1776	5	NA	NA	NA	month	12.4	
1776	6	NA	NA	NA	month	18.1	
1776	7	NA	NA	NA	month	20.1	
1776	8	NA	NA	NA	month	20.2	
1776	9	NA	NA	NA	month	14.1	
1776	10	NA	NA	NA	month	11	
1776	11	NA	NA	NA	month	5.6	
1776	12	NA	NA	NA	month	1.6	
1777	1	NA	NA	NA	month	0.4	
1777	2	NA	NA	NA	month	1	
1777	3	NA	NA	NA	month	8	
1777	4	NA	NA	NA	month	8.6	
1777	5	NA	NA	NA	month	12.9	
1777	6	NA	NA	NA	month	17	
1777	7	NA	NA	NA	month	18.5	
1777	8	NA	NA	NA	month	21.3	
1777	9	NA	NA	NA	month	16.9	
1777	10	NA	NA	NA	month	12.5	
1777	11	NA	NA	NA	month	6.4	
1777	12	NA	NA	NA	month	0.4	
1778	1	NA	NA	NA	month	0.3	
1778	2	NA	NA	NA	month	1.6	
1778	3	NA	NA	NA	month	6	
1778	4	NA	NA	NA	month	11.7	
1778	5	NA	NA	NA	month	15.6	
1778	6	NA	NA	NA	month	17.3	
1778	7	NA	NA	NA	month	21.9	
1778	8	NA	NA	NA	month	21.2	
1778	9	NA	NA	NA	month	14.2	
1778	10	NA	NA	NA	month	10.2	
1778	11	NA	NA	NA	month	6.4	
1778	12	NA	NA	NA	month	4.2	
1779	1	NA	NA	NA	month	-5.1	
1779	2	NA	NA	NA	month	2.9	
1779	3	NA	NA	NA	month	6.9	
1779	4	NA	NA	NA	month	13	
1779	5	NA	NA	NA	month	15.8	
1779	6	NA	NA	NA	month	16.1	
1779	7	NA	NA	NA	month	19.1	
1779	8	NA	NA	NA	month	20	
1779	9	NA	NA	NA	month	17.6	
1779	10	NA	NA	NA	month	13.6	
1779	11	NA	NA	NA	month	7.4	
1779	12	NA	NA	NA	month	5.9	
1780	1	NA	NA	NA	month	-1.1	
1780	2	NA	NA	NA	month	-0.4	
1780	3	NA	NA	NA	month	8.4	
1780	4	NA	NA	NA	month	8.2	
1780	5	NA	NA	NA	month	16.2	
1780	6	NA	NA	NA	month	19.4	
1780	7	NA	NA	NA	month	21.2	
1780	8	NA	NA	NA	month	21.4	
1780	9	NA	NA	NA	month	17.2	
1780	10	NA	NA	NA	month	11.7	
1780	11	NA	NA	NA	month	4.9	
1780	12	NA	NA	NA	month	-0.3	
1781	1	NA	NA	NA	month	1.4	
1781	2	NA	NA	NA	month	3.6	
1781	3	NA	NA	NA	month	7.1	
1781	4	NA	NA	NA	month	12.3	
1781	5	NA	NA	NA	month	16.6	
1781	6	NA	NA	NA	month	18.3	
1781	7	NA	NA	NA	month	21.2	
1781	8	NA	NA	NA	month	21.2	
1781	9	NA	NA	NA	month	16.6	
1781	10	NA	NA	NA	month	9.6	
1781	11	NA	NA	NA	month	5.8	
1781	12	NA	NA	NA	month	3.7	
1782	1	NA	NA	NA	month	3	
1782	2	NA	NA	NA	month	-2.2	
1782	3	NA	NA	NA	month	4.4	
1782	4	NA	NA	NA	month	8.6	
1782	5	NA	NA	NA	month	12.5	
1782	6	NA	NA	NA	month	19.8	
1782	7	NA	NA	NA	month	22.1	
1782	8	NA	NA	NA	month	19.2	
1782	9	NA	NA	NA	month	15.5	
1782	10	NA	NA	NA	month	8.6	
1782	11	NA	NA	NA	month	2.3	
1782	12	NA	NA	NA	month	-0.5	
