SEF	1.0.0
ID	Waldenburg
Name	Waldenburg
Lat	47.38305
Lon	7.7487
Alt	527
Source	GCOS
Link	NA
Vbl	ta
Stat	mean
Units	C
Meta	Observer=Bavier
Year	Month	Day	Hour	Minute	Period	Value	Meta
1776	1	NA	NA	NA	month	-3.9	
1776	2	NA	NA	NA	month	5.6	
1776	5	NA	NA	NA	month	10.3	
1776	6	NA	NA	NA	month	16.3	
1776	7	NA	NA	NA	month	17.9	
1776	8	NA	NA	NA	month	17.7	
1776	9	NA	NA	NA	month	12.5	
1776	10	NA	NA	NA	month	9.6	
1776	11	NA	NA	NA	month	4.3	
1776	12	NA	NA	NA	month	0.3	
1777	1	NA	NA	NA	month	-0.8	
1777	2	NA	NA	NA	month	1.1	
1777	3	NA	NA	NA	month	8.6	
1777	4	NA	NA	NA	month	7.2	
1777	5	NA	NA	NA	month	12.4	
1777	6	NA	NA	NA	month	15.8	
1777	7	NA	NA	NA	month	17.2	
1777	8	NA	NA	NA	month	18.8	
1778	3	NA	NA	NA	month	NA	
1778	4	NA	NA	NA	month	NA	
1778	5	NA	NA	NA	month	14.3	
1778	6	NA	NA	NA	month	15.9	
1778	7	NA	NA	NA	month	20	
1778	8	NA	NA	NA	month	18.8	
1779	3	NA	NA	NA	month	5.7	
1779	4	NA	NA	NA	month	11.9	
1779	5	NA	NA	NA	month	14.5	
1779	6	NA	NA	NA	month	14.4	
1779	7	NA	NA	NA	month	17.7	
1779	8	NA	NA	NA	month	17.5	
1780	3	NA	NA	NA	month	8.7	
1780	4	NA	NA	NA	month	7.5	
1780	11	NA	NA	NA	month	3.2	
1780	12	NA	NA	NA	month	-1.8	
1781	1	NA	NA	NA	month	NA	
1781	2	NA	NA	NA	month	3.5	
1781	3	NA	NA	NA	month	NA	
1781	4	NA	NA	NA	month	11.5	
1781	7	NA	NA	NA	month	18.1	
1781	8	NA	NA	NA	month	19	
1782	5	NA	NA	NA	month	12.4	
1782	6	NA	NA	NA	month	18.1	
1782	7	NA	NA	NA	month	19.5	
1782	8	NA	NA	NA	month	17.2	
1783	1	NA	NA	NA	month	4.1	
1783	2	NA	NA	NA	month	3.5	
1783	3	NA	NA	NA	month	3.8	
1783	4	NA	NA	NA	month	9.2	
1783	5	NA	NA	NA	month	13.7	
1783	6	NA	NA	NA	month	16.1	
1783	7	NA	NA	NA	month	20	
1783	8	NA	NA	NA	month	17.2	
1784	4	NA	NA	NA	month	6.4	
1784	5	NA	NA	NA	month	15.7	
1784	6	NA	NA	NA	month	16.9	
1784	7	NA	NA	NA	month	18.3	
1784	8	NA	NA	NA	month	15.7	
1784	9	NA	NA	NA	month	16.3	
1784	12	NA	NA	NA	month	-1.7	
1785	1	NA	NA	NA	month	2	
1785	2	NA	NA	NA	month	-2.4	
1785	3	NA	NA	NA	month	NA	
1785	4	NA	NA	NA	month	5.5	
1785	5	NA	NA	NA	month	13.2	
1785	6	NA	NA	NA	month	15.8	
1785	7	NA	NA	NA	month	16.8	
1785	8	NA	NA	NA	month	16	
1786	3	NA	NA	NA	month	2.9	
1786	4	NA	NA	NA	month	10.1	
1786	8	NA	NA	NA	month	18	
1786	9	NA	NA	NA	month	12.8	
1786	10	NA	NA	NA	month	6.3	
1786	11	NA	NA	NA	month	2.4	
1786	12	NA	NA	NA	month	1.2	
1787	1	NA	NA	NA	month	-3.6	
1787	2	NA	NA	NA	month	2.3	
1787	3	NA	NA	NA	month	7.1	
1787	4	NA	NA	NA	month	7.7	
1787	5	NA	NA	NA	month	10.9	
1787	6	NA	NA	NA	month	16.9	
1787	7	NA	NA	NA	month	16.6	
1787	11	NA	NA	NA	month	3.9	
1787	12	NA	NA	NA	month	5.4	
1788	1	NA	NA	NA	month	0.5	
1788	2	NA	NA	NA	month	4.7	
1788	5	NA	NA	NA	month	14.1	
1788	6	NA	NA	NA	month	16.6	
1788	7	NA	NA	NA	month	18.9	
1789	5	NA	NA	NA	month	15.5	
1789	6	NA	NA	NA	month	14.2	
1789	7	NA	NA	NA	month	17.2	
1789	8	NA	NA	NA	month	17.9	
1790	7	NA	NA	NA	month	16.6	
1790	8	NA	NA	NA	month	18.2	
