SEF	1.0.0
ID	Avully
Name	Avully
Lat	46.16968
Lon	6.00065
Alt	424
Source	GCOS
Link	NA
Vbl	ta
Stat	mean
Units	C
Meta	Observer=Mallet
Year	Month	Day	Hour	Minute	Period	Value	Meta
1778	7	NA	NA	NA	month	NA	
1778	8	NA	NA	NA	month	20	
1778	9	NA	NA	NA	month	13.4	
1778	10	NA	NA	NA	month	9.8	
1778	11	NA	NA	NA	month	5.1	
1778	12	NA	NA	NA	month	NA	
1779	6	NA	NA	NA	month	NA	
1779	7	NA	NA	NA	month	17.6	
1779	8	NA	NA	NA	month	17.9	
1779	9	NA	NA	NA	month	15.3	
1779	10	NA	NA	NA	month	12.4	
1779	11	NA	NA	NA	month	5.7	
1779	12	NA	NA	NA	month	NA	
1780	6	NA	NA	NA	month	18.4	
1780	7	NA	NA	NA	month	20.9	
1780	8	NA	NA	NA	month	NA	
1780	9	NA	NA	NA	month	16.2	
1780	10	NA	NA	NA	month	11	
1780	11	NA	NA	NA	month	3.5	
1780	12	NA	NA	NA	month	NA	
1781	4	NA	NA	NA	month	NA	
1781	5	NA	NA	NA	month	16	
1781	6	NA	NA	NA	month	16.9	
1781	7	NA	NA	NA	month	19.8	
1781	8	NA	NA	NA	month	19.7	
1781	9	NA	NA	NA	month	15.2	
1781	10	NA	NA	NA	month	NA	
1781	11	NA	NA	NA	month	5.4	
1781	12	NA	NA	NA	month	3.6	
1782	4	NA	NA	NA	month	NA	
1782	5	NA	NA	NA	month	12.4	
1782	6	NA	NA	NA	month	19.2	
1782	7	NA	NA	NA	month	21.8	
1782	8	NA	NA	NA	month	18.4	
1782	9	NA	NA	NA	month	14.8	
1782	10	NA	NA	NA	month	7.8	
1782	11	NA	NA	NA	month	1.7	
1783	4	NA	NA	NA	month	NA	
1783	5	NA	NA	NA	month	NA	
1783	6	NA	NA	NA	month	16.3	
1783	7	NA	NA	NA	month	20.9	
1783	8	NA	NA	NA	month	17.8	
1783	9	NA	NA	NA	month	15.2	
1783	10	NA	NA	NA	month	11.8	
1783	11	NA	NA	NA	month	5.7	
1783	12	NA	NA	NA	month	2.1	
1784	1	NA	NA	NA	month	NA	
1784	4	NA	NA	NA	month	NA	
1784	5	NA	NA	NA	month	16.8	
1784	6	NA	NA	NA	month	18.8	
1784	7	NA	NA	NA	month	20	
1784	8	NA	NA	NA	month	17.4	
1784	9	NA	NA	NA	month	17.5	
1784	10	NA	NA	NA	month	7.4	
1784	11	NA	NA	NA	month	4.5	
1784	12	NA	NA	NA	month	-3.4	
1785	1	NA	NA	NA	month	NA	
1785	4	NA	NA	NA	month	NA	
1785	5	NA	NA	NA	month	NA	
1785	6	NA	NA	NA	month	17.2	
1785	7	NA	NA	NA	month	17.7	
1785	8	NA	NA	NA	month	16.9	
1785	9	NA	NA	NA	month	17.4	
1785	10	NA	NA	NA	month	10.3	
1785	11	NA	NA	NA	month	4.7	
1785	12	NA	NA	NA	month	1.4	
1786	1	NA	NA	NA	month	NA	
1786	5	NA	NA	NA	month	NA	
1786	6	NA	NA	NA	month	18.4	
1786	7	NA	NA	NA	month	17.2	
1786	8	NA	NA	NA	month	16.9	
1786	9	NA	NA	NA	month	14.3	
1786	10	NA	NA	NA	month	7.8	
1786	11	NA	NA	NA	month	3.2	
1786	12	NA	NA	NA	month	1.3	
