SEF	1.0.0
ID	Zurich_Feer
Name	Zürich
Lat	47.37351
Lon	8.54797
Alt	435
Source	GCOS
Link	
Vbl	ta
Stat	mean
Units	C
Meta	Observer=Feer|QC software=dataresqc v1.1.0
Year	Month	Day	Hour	Minute	Period	Value	Meta
1807	1	NA	NA	NA	month	-1.7	
1807	2	NA	NA	NA	month	2.8	
1807	3	NA	NA	NA	month	2	
1807	4	NA	NA	NA	month	NA	
1807	5	NA	NA	NA	month	NA	
1807	6	NA	NA	NA	month	16.5	
1807	7	NA	NA	NA	month	21.4	
1807	8	NA	NA	NA	month	22.7	
1807	9	NA	NA	NA	month	13.8	
1807	10	NA	NA	NA	month	11.9	
1807	11	NA	NA	NA	month	5.9	
1807	12	NA	NA	NA	month	-1.3	
1808	1	NA	NA	NA	month	0.3	
1808	2	NA	NA	NA	month	-0.2	
1808	3	NA	NA	NA	month	2.5	
1808	4	NA	NA	NA	month	9.3	
1808	5	NA	NA	NA	month	NA	
1808	6	NA	NA	NA	month	15.7	
1808	7	NA	NA	NA	month	NA	
1808	8	NA	NA	NA	month	18.5	
1808	9	NA	NA	NA	month	14.1	
1808	10	NA	NA	NA	month	7.5	
1808	11	NA	NA	NA	month	NA	
1808	12	NA	NA	NA	month	-3.2	
1809	1	NA	NA	NA	month	2.2	
1809	2	NA	NA	NA	month	5	
1809	3	NA	NA	NA	month	4.3	
1809	4	NA	NA	NA	month	5.2	
1809	5	NA	NA	NA	month	14.1	
1809	6	NA	NA	NA	month	15.6	
1809	7	NA	NA	NA	month	17.2	
1809	11	NA	NA	NA	month	2	
1809	12	NA	NA	NA	month	2	
1810	1	NA	NA	NA	month	-5.1	
1810	2	NA	NA	NA	month	NA	
1810	3	NA	NA	NA	month	7.3	
1810	4	NA	NA	NA	month	8.3	
1810	5	NA	NA	NA	month	NA	
1810	6	NA	NA	NA	month	16.1	
1810	7	NA	NA	NA	month	NA	
1810	8	NA	NA	NA	month	NA	
1810	9	NA	NA	NA	month	17.4	
1810	10	NA	NA	NA	month	11.2	
1810	11	NA	NA	NA	month	5.6	
1810	12	NA	NA	NA	month	2.2	
1811	1	NA	NA	NA	month	-3.8	
1811	2	NA	NA	NA	month	3.4	
1811	3	NA	NA	NA	month	6.6	
1811	4	NA	NA	NA	month	11	
1811	5	NA	NA	NA	month	16.1	
1811	6	NA	NA	NA	month	18.8	
1811	7	NA	NA	NA	month	NA	
1811	8	NA	NA	NA	month	17.2	
1811	9	NA	NA	NA	month	15	
1811	10	NA	NA	NA	month	12	
1811	11	NA	NA	NA	month	5.5	
1811	12	NA	NA	NA	month	0.5	
1812	1	NA	NA	NA	month	-4.1	
1812	2	NA	NA	NA	month	3.2	
1812	3	NA	NA	NA	month	4.4	
1812	4	NA	NA	NA	month	6.3	
1812	5	NA	NA	NA	month	14.6	
1812	6	NA	NA	NA	month	16.1	
1812	7	NA	NA	NA	month	16.6	
1812	8	NA	NA	NA	month	NA	
1812	9	NA	NA	NA	month	13.8	
1812	10	NA	NA	NA	month	9.8	
1812	11	NA	NA	NA	month	2.7	
1812	12	NA	NA	NA	month	-2.3	
1813	1	NA	NA	NA	month	-2.9	
1813	2	NA	NA	NA	month	3.3	
1813	3	NA	NA	NA	month	3.8	
1813	4	NA	NA	NA	month	9.4	
1813	5	NA	NA	NA	month	14.5	
1813	6	NA	NA	NA	month	15.1	
1813	7	NA	NA	NA	month	NA	
1813	8	NA	NA	NA	month	16.4	
1813	9	NA	NA	NA	month	12.6	
1813	10	NA	NA	NA	month	9.8	
1813	11	NA	NA	NA	month	4.6	
1813	12	NA	NA	NA	month	0.7	
1814	1	NA	NA	NA	month	-2.1	
1814	2	NA	NA	NA	month	-3	
1814	3	NA	NA	NA	month	2.3	
1814	4	NA	NA	NA	month	10	
1814	5	NA	NA	NA	month	12.4	
1814	6	NA	NA	NA	month	15.1	
1814	7	NA	NA	NA	month	18.1	
1814	8	NA	NA	NA	month	17	
1814	9	NA	NA	NA	month	12.2	
1814	10	NA	NA	NA	month	8.4	
1814	11	NA	NA	NA	month	6.9	
1814	12	NA	NA	NA	month	3.7	
1815	1	NA	NA	NA	month	-3	
1815	2	NA	NA	NA	month	4.3	
1815	3	NA	NA	NA	month	7.3	
1815	4	NA	NA	NA	month	9.7	
1815	5	NA	NA	NA	month	NA	
1815	6	NA	NA	NA	month	15	
1815	7	NA	NA	NA	month	16.3	
1815	8	NA	NA	NA	month	16.3	
1815	9	NA	NA	NA	month	14.4	
1815	10	NA	NA	NA	month	9.5	
1815	11	NA	NA	NA	month	2	
1815	12	NA	NA	NA	month	-0.2	
1816	1	NA	NA	NA	month	0.1	
1816	2	NA	NA	NA	month	-1.2	
1816	3	NA	NA	NA	month	3.5	
1816	4	NA	NA	NA	month	8.2	
1816	5	NA	NA	NA	month	11.8	
1816	6	NA	NA	NA	month	13.6	
1816	7	NA	NA	NA	month	14.9	
1816	8	NA	NA	NA	month	15.1	
1816	9	NA	NA	NA	month	13.2	
1816	10	NA	NA	NA	month	10.2	
1816	11	NA	NA	NA	month	3.7	
1816	12	NA	NA	NA	month	0.5	
1817	1	NA	NA	NA	month	2.7	
1817	2	NA	NA	NA	month	4.1	
1817	3	NA	NA	NA	month	4.2	
1817	4	NA	NA	NA	month	4.5	
1817	5	NA	NA	NA	month	11.6	
1817	6	NA	NA	NA	month	NA	
1817	7	NA	NA	NA	month	16.9	
1817	8	NA	NA	NA	month	16.4	
1817	9	NA	NA	NA	month	NA	
1817	10	NA	NA	NA	month	6.7	
1817	11	NA	NA	NA	month	NA	
1817	12	NA	NA	NA	month	0.1	
1818	1	NA	NA	NA	month	1.3	
1818	2	NA	NA	NA	month	2.7	
1818	3	NA	NA	NA	month	5	
1818	4	NA	NA	NA	month	10.4	
1818	5	NA	NA	NA	month	12.8	
1818	6	NA	NA	NA	month	NA	
1818	7	NA	NA	NA	month	18.6	
1818	8	NA	NA	NA	month	NA	
1818	9	NA	NA	NA	month	13.4	
1818	10	NA	NA	NA	month	8.8	
1818	11	NA	NA	NA	month	6.2	
1818	12	NA	NA	NA	month	-0.6	
1819	1	NA	NA	NA	month	1	
1819	2	NA	NA	NA	month	2.9	
1819	3	NA	NA	NA	month	5.7	
1819	4	NA	NA	NA	month	NA	
1819	5	NA	NA	NA	month	NA	
1819	6	NA	NA	NA	month	15.9	
1819	7	NA	NA	NA	month	18	
1819	8	NA	NA	NA	month	18.1	
1819	9	NA	NA	NA	month	15	
1819	10	NA	NA	NA	month	NA	
1819	11	NA	NA	NA	month	3.7	
1819	12	NA	NA	NA	month	1.7	
1820	1	NA	NA	NA	month	-2	
1820	2	NA	NA	NA	month	1.6	
1820	3	NA	NA	NA	month	3.3	
1820	4	NA	NA	NA	month	10.9	
1820	5	NA	NA	NA	month	15.1	
1820	6	NA	NA	NA	month	14.5	
1820	7	NA	NA	NA	month	NA	
1820	8	NA	NA	NA	month	NA	
1820	9	NA	NA	NA	month	13.1	
1820	10	NA	NA	NA	month	8.5	
1820	11	NA	NA	NA	month	2	
1820	12	NA	NA	NA	month	1	
1821	1	NA	NA	NA	month	1	
1821	2	NA	NA	NA	month	-1.6	
1821	6	NA	NA	NA	month	NA	
1821	7	NA	NA	NA	month	16.1	
1821	8	NA	NA	NA	month	18.6	
1821	9	NA	NA	NA	month	NA	
1821	10	NA	NA	NA	month	9.2	
1821	11	NA	NA	NA	month	7.3	
1821	12	NA	NA	NA	month	4.7	
1822	1	NA	NA	NA	month	0.8	
1822	2	NA	NA	NA	month	3.5	
1822	3	NA	NA	NA	month	8.2	
1822	4	NA	NA	NA	month	9.6	
1822	5	NA	NA	NA	month	16.6	
1822	6	NA	NA	NA	month	21.4	
1822	7	NA	NA	NA	month	19.1	
1822	8	NA	NA	NA	month	NA	
1822	9	NA	NA	NA	month	NA	
1822	10	NA	NA	NA	month	11.4	
1822	11	NA	NA	NA	month	6.9	
1822	12	NA	NA	NA	month	-1.5	
1823	1	NA	NA	NA	month	-2	
1823	2	NA	NA	NA	month	3.2	
1823	3	NA	NA	NA	month	4.3	
1823	4	NA	NA	NA	month	8.3	
1823	5	NA	NA	NA	month	15.4	
1823	6	NA	NA	NA	month	14.9	
1823	7	NA	NA	NA	month	17.1	
1823	8	NA	NA	NA	month	NA	
1823	9	NA	NA	NA	month	NA	
1823	10	NA	NA	NA	month	9	
1823	11	NA	NA	NA	month	2.3	
1823	12	NA	NA	NA	month	3.4	
1824	1	NA	NA	NA	month	-1	
1824	2	NA	NA	NA	month	1.7	
1824	3	NA	NA	NA	month	2.2	
1824	4	NA	NA	NA	month	NA	
1824	5	NA	NA	NA	month	13.2	
1824	6	NA	NA	NA	month	NA	
1824	7	NA	NA	NA	month	NA	
1824	8	NA	NA	NA	month	17.5	
1824	9	NA	NA	NA	month	NA	
1824	11	NA	NA	NA	month	NA	
1824	12	NA	NA	NA	month	NA	
1825	1	NA	NA	NA	month	-1.4	
1825	2	NA	NA	NA	month	-0.5	
1825	3	NA	NA	NA	month	2.6	
1825	4	NA	NA	NA	month	NA	
1825	6	NA	NA	NA	month	18.1	
1825	7	NA	NA	NA	month	NA	
1825	8	NA	NA	NA	month	18.4	
1825	9	NA	NA	NA	month	17.1	
1825	10	NA	NA	NA	month	10	
1825	11	NA	NA	NA	month	6.1	
1825	12	NA	NA	NA	month	3.8	
1827	1	NA	NA	NA	month	-1.7	
1827	2	NA	NA	NA	month	NA	
1827	3	NA	NA	NA	month	5	
1827	4	NA	NA	NA	month	9.7	
1827	5	NA	NA	NA	month	14.9	
1827	6	NA	NA	NA	month	16.5	
1827	7	NA	NA	NA	month	20.4	
1827	8	NA	NA	NA	month	16.7	
1827	9	NA	NA	NA	month	13	
1827	10	NA	NA	NA	month	9.6	
1827	11	NA	NA	NA	month	1.2	
1827	12	NA	NA	NA	month	3	
