SEF	1.0.0
ID	Bern_Trechsel
Name	Bern
Lat	46.94694
Lon	7.450515
Alt	548
Source	GCOS
Link	
Vbl	ta
Stat	mean
Units	C
Meta	Observer=Trechsel|QC software=dataresqc v1.1.0
Year	Month	Day	Hour	Minute	Period	Value	Meta
1826	4	NA	NA	NA	month	9.3	
1826	5	NA	NA	NA	month	11.8	
1826	6	NA	NA	NA	month	16.7	
1826	7	NA	NA	NA	month	19.5	
1826	8	NA	NA	NA	month	20.5	
1826	9	NA	NA	NA	month	16.3	
1826	10	NA	NA	NA	month	10.7	
1826	11	NA	NA	NA	month	3.2	
1826	12	NA	NA	NA	month	1.1	
1827	1	NA	NA	NA	month	-1.4	
1827	2	NA	NA	NA	month	-3.4	
1827	3	NA	NA	NA	month	5.5	
1827	4	NA	NA	NA	month	10.5	
1827	5	NA	NA	NA	month	15.4	
1827	6	NA	NA	NA	month	16.5	
1827	7	NA	NA	NA	month	21.4	
1827	8	NA	NA	NA	month	17.5	
1827	9	NA	NA	NA	month	14.5	
1827	10	NA	NA	NA	month	10.3	
1827	11	NA	NA	NA	month	2	
1827	12	NA	NA	NA	month	3.6	
1828	1	NA	NA	NA	month	2.2	
1828	2	NA	NA	NA	month	2	
1828	3	NA	NA	NA	month	5.3	
1828	4	NA	NA	NA	month	9.8	
1828	5	NA	NA	NA	month	15.3	
1828	6	NA	NA	NA	month	18.3	
1828	7	NA	NA	NA	month	19	
1828	8	NA	NA	NA	month	17.3	
1828	9	NA	NA	NA	month	15.4	
1828	10	NA	NA	NA	month	9.6	
1828	11	NA	NA	NA	month	4.4	
1828	12	NA	NA	NA	month	1.1	
1829	1	NA	NA	NA	month	-3.5	
1829	2	NA	NA	NA	month	-1.3	
1829	3	NA	NA	NA	month	5.3	
1829	4	NA	NA	NA	month	10.1	
1829	5	NA	NA	NA	month	14.2	
1829	6	NA	NA	NA	month	15.7	
1829	7	NA	NA	NA	month	18.8	
1829	8	NA	NA	NA	month	16.9	
1829	9	NA	NA	NA	month	13.4	
1829	10	NA	NA	NA	month	8.1	
1829	11	NA	NA	NA	month	2.2	
1829	12	NA	NA	NA	month	-4	
1830	1	NA	NA	NA	month	-7.3	
1830	2	NA	NA	NA	month	-2.2	
1830	3	NA	NA	NA	month	7.3	
1830	4	NA	NA	NA	month	11.8	
1830	5	NA	NA	NA	month	14.6	
1830	6	NA	NA	NA	month	16.3	
1830	7	NA	NA	NA	month	19.8	
1830	8	NA	NA	NA	month	18.3	
1830	9	NA	NA	NA	month	12.9	
1830	10	NA	NA	NA	month	8.9	
1830	11	NA	NA	NA	month	5.1	
1830	12	NA	NA	NA	month	-0.1	
1831	1	NA	NA	NA	month	-2.9	
1831	2	NA	NA	NA	month	1.1	
1831	3	NA	NA	NA	month	7.1	
1831	4	NA	NA	NA	month	10.9	
1831	5	NA	NA	NA	month	13.9	
1831	6	NA	NA	NA	month	17	
1831	7	NA	NA	NA	month	19.2	
1831	8	NA	NA	NA	month	18.5	
1831	9	NA	NA	NA	month	13.7	
1831	10	NA	NA	NA	month	12.5	
1831	11	NA	NA	NA	month	5.4	
1831	12	NA	NA	NA	month	1.4	
1832	1	NA	NA	NA	month	-0.8	
1832	2	NA	NA	NA	month	1.1	
1832	3	NA	NA	NA	month	4.3	
1832	4	NA	NA	NA	month	10	
1832	5	NA	NA	NA	month	13	
1832	6	NA	NA	NA	month	16.4	
1832	7	NA	NA	NA	month	19.9	
1832	8	NA	NA	NA	month	21.1	
1832	9	NA	NA	NA	month	14.9	
1832	10	NA	NA	NA	month	9.3	
1832	11	NA	NA	NA	month	4	
1832	12	NA	NA	NA	month	1.2	
1833	1	NA	NA	NA	month	-3.2	
1833	2	NA	NA	NA	month	4.7	
1833	3	NA	NA	NA	month	4	
1833	4	NA	NA	NA	month	8.1	
1833	5	NA	NA	NA	month	18	
1833	6	NA	NA	NA	month	18.6	
1833	7	NA	NA	NA	month	16.9	
1833	8	NA	NA	NA	month	16.6	
1833	9	NA	NA	NA	month	13.6	
1833	10	NA	NA	NA	month	10	
1833	11	NA	NA	NA	month	4.3	
1833	12	NA	NA	NA	month	5.3	
1834	1	NA	NA	NA	month	4.6	
1834	2	NA	NA	NA	month	2.2	
1834	3	NA	NA	NA	month	5.2	
1834	4	NA	NA	NA	month	7.9	
1834	5	NA	NA	NA	month	17	
1834	6	NA	NA	NA	month	19.3	
1834	7	NA	NA	NA	month	21.2	
1834	8	NA	NA	NA	month	19.8	
1834	9	NA	NA	NA	month	18.8	
1834	10	NA	NA	NA	month	10.4	
1834	11	NA	NA	NA	month	4.5	
1834	12	NA	NA	NA	month	-0.7	
1835	1	NA	NA	NA	month	0	
1835	2	NA	NA	NA	month	2.8	
1835	3	NA	NA	NA	month	4.4	
1835	4	NA	NA	NA	month	8.9	
1835	5	NA	NA	NA	month	14.4	
1835	6	NA	NA	NA	month	17.4	
1835	7	NA	NA	NA	month	21.7	
1835	8	NA	NA	NA	month	18.4	
1835	9	NA	NA	NA	month	15	
1835	10	NA	NA	NA	month	7.8	
1835	11	NA	NA	NA	month	1.1	
1835	12	NA	NA	NA	month	-3	
1836	1	NA	NA	NA	month	-1.5	
1836	2	NA	NA	NA	month	0.6	
1836	3	NA	NA	NA	month	6.9	
1836	4	NA	NA	NA	month	8.2	
1836	5	NA	NA	NA	month	12.1	
1836	6	NA	NA	NA	month	18.1	
1836	7	NA	NA	NA	month	19.9	
1836	8	NA	NA	NA	month	19.4	
1836	9	NA	NA	NA	month	13.8	
1836	10	NA	NA	NA	month	9.4	
1836	11	NA	NA	NA	month	4.2	
1836	12	NA	NA	NA	month	1.7	
1837	1	NA	NA	NA	month	-1.9	
1837	2	NA	NA	NA	month	1.2	
1837	3	NA	NA	NA	month	0.9	
1837	4	NA	NA	NA	month	6.4	
1837	5	NA	NA	NA	month	11	
1837	6	NA	NA	NA	month	19.8	
1837	7	NA	NA	NA	month	19	
1837	8	NA	NA	NA	month	20.5	
1837	9	NA	NA	NA	month	13.1	
1837	10	NA	NA	NA	month	9.5	
1837	11	NA	NA	NA	month	3.6	
1837	12	NA	NA	NA	month	0.9	
1838	1	NA	NA	NA	month	-5.4	
1838	2	NA	NA	NA	month	-0.1	
1838	3	NA	NA	NA	month	5.3	
1838	4	NA	NA	NA	month	7	
1838	5	NA	NA	NA	month	14.6	
1838	6	NA	NA	NA	month	17.6	
1838	7	NA	NA	NA	month	19.3	
1838	8	NA	NA	NA	month	17.4	
1838	9	NA	NA	NA	month	15.1	
1838	10	NA	NA	NA	month	10.1	
1838	11	NA	NA	NA	month	5.9	
1838	12	NA	NA	NA	month	-0.4	
1839	1	NA	NA	NA	month	-0.5	
1839	2	NA	NA	NA	month	2	
1839	3	NA	NA	NA	month	4.4	
1839	4	NA	NA	NA	month	7	
1839	5	NA	NA	NA	month	13.1	
1839	6	NA	NA	NA	month	20.2	
1839	7	NA	NA	NA	month	20.4	
1839	8	NA	NA	NA	month	17.1	
1839	9	NA	NA	NA	month	15	
1839	10	NA	NA	NA	month	11.2	
1839	11	NA	NA	NA	month	6.5	
1839	12	NA	NA	NA	month	4	
1840	1	NA	NA	NA	month	2	
1840	2	NA	NA	NA	month	0.6	
1840	3	NA	NA	NA	month	1.6	
1840	4	NA	NA	NA	month	12.1	
1840	5	NA	NA	NA	month	14.4	
1840	6	NA	NA	NA	month	18.2	
1840	7	NA	NA	NA	month	17.4	
1840	8	NA	NA	NA	month	19.4	
1840	9	NA	NA	NA	month	15.2	
1840	10	NA	NA	NA	month	NA	
1840	11	NA	NA	NA	month	6.5	
1840	12	NA	NA	NA	month	-3.5	
1841	1	NA	NA	NA	month	-1.1	
1841	2	NA	NA	NA	month	0.2	
1841	3	NA	NA	NA	month	6.6	
1841	4	NA	NA	NA	month	8.9	
1841	5	NA	NA	NA	month	17.3	
1841	6	NA	NA	NA	month	15.6	
1841	7	NA	NA	NA	month	17.3	
1841	8	NA	NA	NA	month	NA	
1841	9	NA	NA	NA	month	NA	
1841	10	NA	NA	NA	month	10.5	
1841	11	NA	NA	NA	month	4.3	
1841	12	NA	NA	NA	month	3	
1842	1	NA	NA	NA	month	-3.5	
1842	2	NA	NA	NA	month	-2	
1842	3	NA	NA	NA	month	5.3	
1842	4	NA	NA	NA	month	9.4	
1842	5	NA	NA	NA	month	14.7	
1842	6	NA	NA	NA	month	20.3	
1842	7	NA	NA	NA	month	18.9	
1842	8	NA	NA	NA	month	20.1	
1842	9	NA	NA	NA	month	13.4	
1842	10	NA	NA	NA	month	5.7	
1842	11	NA	NA	NA	month	2.1	
1842	12	NA	NA	NA	month	0.1	
1843	1	NA	NA	NA	month	0.3	
1843	2	NA	NA	NA	month	2.4	
1843	3	NA	NA	NA	month	4.4	
1843	4	NA	NA	NA	month	9.4	
1843	5	NA	NA	NA	month	11.9	
1843	6	NA	NA	NA	month	15	
1843	7	NA	NA	NA	month	17.3	
1843	8	NA	NA	NA	month	NA	
1843	9	NA	NA	NA	month	NA	
1843	10	NA	NA	NA	month	9.2	
1843	11	NA	NA	NA	month	3.9	
1843	12	NA	NA	NA	month	-0.6	
1844	1	NA	NA	NA	month	-2.2	
1844	2	NA	NA	NA	month	-0.9	
1844	3	NA	NA	NA	month	3.6	
1844	4	NA	NA	NA	month	11.4	
1844	5	NA	NA	NA	month	12.4	
1844	6	NA	NA	NA	month	18.7	
1844	7	NA	NA	NA	month	18.1	
1844	8	NA	NA	NA	month	NA	
1844	9	NA	NA	NA	month	15.8	
1844	10	NA	NA	NA	month	9.7	
1844	11	NA	NA	NA	month	4.8	
1844	12	NA	NA	NA	month	-2.6	
1845	1	NA	NA	NA	month	-0.9	
1845	2	NA	NA	NA	month	-4.2	
1845	3	NA	NA	NA	month	1.4	
1845	4	NA	NA	NA	month	9.4	
1845	5	NA	NA	NA	month	10.6	
1845	6	NA	NA	NA	month	17.4	
1845	7	NA	NA	NA	month	18.9	
1845	8	NA	NA	NA	month	NA	
1845	9	NA	NA	NA	month	15.1	
1845	10	NA	NA	NA	month	9.4	
1845	11	NA	NA	NA	month	5.4	
1845	12	NA	NA	NA	month	2.7	
1846	1	NA	NA	NA	month	-1.5	
1846	2	NA	NA	NA	month	3.8	
1846	3	NA	NA	NA	month	6.2	
1846	4	NA	NA	NA	month	9.3	
1846	5	NA	NA	NA	month	15	
1846	6	NA	NA	NA	month	20.2	
1846	7	NA	NA	NA	month	20.7	
1846	8	NA	NA	NA	month	NA	
1846	9	NA	NA	NA	month	15.9	
1846	10	NA	NA	NA	month	10.2	
1846	11	NA	NA	NA	month	3.8	
1846	12	NA	NA	NA	month	-3	
