SEF	1.0.0
ID	Bern_Observatory
Name	Bern
Lat	46.951229
Lon	7.439075
Alt	574
Source	MeteoSwiss
Link	NA
Vbl	ta
Stat	mean
Units	C
Meta	
Year	Month	Day	Hour	Minute	Period	Value	Meta
1864	1	NA	NA	NA	month	-6.9	
1864	2	NA	NA	NA	month	-0.9	
1864	3	NA	NA	NA	month	4.7	
1864	4	NA	NA	NA	month	7.3	
1864	5	NA	NA	NA	month	12.9	
1864	6	NA	NA	NA	month	14.3	
1864	7	NA	NA	NA	month	17.9	
1864	8	NA	NA	NA	month	15.9	
1864	9	NA	NA	NA	month	12.9	
1864	10	NA	NA	NA	month	6.4	
1864	11	NA	NA	NA	month	2.7	
1864	12	NA	NA	NA	month	-4.1	
1865	1	NA	NA	NA	month	-0.2	
1865	2	NA	NA	NA	month	-2.2	
1865	3	NA	NA	NA	month	-1.1	
1865	4	NA	NA	NA	month	12.4	
1865	5	NA	NA	NA	month	15.2	
1865	6	NA	NA	NA	month	16.3	
1865	7	NA	NA	NA	month	19.2	
1865	8	NA	NA	NA	month	16	
1865	9	NA	NA	NA	month	16.1	
1865	10	NA	NA	NA	month	9.3	
1865	11	NA	NA	NA	month	3.6	
1865	12	NA	NA	NA	month	-2.6	
1866	1	NA	NA	NA	month	2.2	
1866	2	NA	NA	NA	month	3.8	
1866	3	NA	NA	NA	month	3.8	
1866	4	NA	NA	NA	month	9.4	
1866	5	NA	NA	NA	month	10.1	
1866	6	NA	NA	NA	month	17.5	
1866	7	NA	NA	NA	month	17.4	
1866	8	NA	NA	NA	month	15.1	
1866	9	NA	NA	NA	month	14.1	
1866	10	NA	NA	NA	month	8.8	
1866	11	NA	NA	NA	month	3.3	
1866	12	NA	NA	NA	month	1.3	
1867	1	NA	NA	NA	month	-1.7	
1867	2	NA	NA	NA	month	4.8	
1867	3	NA	NA	NA	month	4	
1867	4	NA	NA	NA	month	8.4	
1867	5	NA	NA	NA	month	13	
1867	6	NA	NA	NA	month	15.4	
1867	7	NA	NA	NA	month	16.3	
1867	8	NA	NA	NA	month	17.8	
1867	9	NA	NA	NA	month	14.5	
1867	10	NA	NA	NA	month	6.5	
1867	11	NA	NA	NA	month	0.9	
1867	12	NA	NA	NA	month	-2.6	
