SEF	1.0.0
ID	Zurich_Observatory
Name	Zürich
Lat	47.37802
Lon	8.55049
Alt	470
Source	MeteoSwiss
Link	NA
Vbl	ta
Stat	mean
Units	C
Meta	
Year	Month	Day	Hour	Minute	Period	Value	Meta
1864	1	NA	NA	NA	month	-5.6	
1864	2	NA	NA	NA	month	-0.7	
1864	3	NA	NA	NA	month	5.3	
1864	4	NA	NA	NA	month	8	
1864	5	NA	NA	NA	month	13.7	
1864	6	NA	NA	NA	month	16.1	
1864	7	NA	NA	NA	month	18.2	
1864	8	NA	NA	NA	month	16.3	
1864	9	NA	NA	NA	month	13.9	
1864	10	NA	NA	NA	month	7.8	
1864	11	NA	NA	NA	month	3.6	
1864	12	NA	NA	NA	month	-3.2	
1865	1	NA	NA	NA	month	0.9	
1865	2	NA	NA	NA	month	-1.9	
1865	3	NA	NA	NA	month	-0.2	
1865	4	NA	NA	NA	month	12.9	
1865	5	NA	NA	NA	month	16.6	
1865	6	NA	NA	NA	month	17.2	
1865	7	NA	NA	NA	month	20.1	
1865	8	NA	NA	NA	month	16.9	
1865	9	NA	NA	NA	month	16.2	
1865	10	NA	NA	NA	month	10.2	
1865	11	NA	NA	NA	month	5.1	
1865	12	NA	NA	NA	month	-1.1	
1866	1	NA	NA	NA	month	2.6	
1866	2	NA	NA	NA	month	4.5	
1866	3	NA	NA	NA	month	4.6	
1866	4	NA	NA	NA	month	10.2	
1866	5	NA	NA	NA	month	11.1	
1866	6	NA	NA	NA	month	18.9	
1866	7	NA	NA	NA	month	18.7	
1866	8	NA	NA	NA	month	15.8	
1866	9	NA	NA	NA	month	15.4	
1866	10	NA	NA	NA	month	9.1	
1866	11	NA	NA	NA	month	4.7	
1866	12	NA	NA	NA	month	2.5	
1867	1	NA	NA	NA	month	-0.2	
1867	2	NA	NA	NA	month	5.5	
1867	3	NA	NA	NA	month	4.6	
1867	4	NA	NA	NA	month	9.4	
1867	5	NA	NA	NA	month	14.3	
1867	6	NA	NA	NA	month	17	
1867	7	NA	NA	NA	month	17.5	
1867	8	NA	NA	NA	month	18.6	
1867	9	NA	NA	NA	month	15.3	
1867	10	NA	NA	NA	month	7.7	
1867	11	NA	NA	NA	month	1.9	
1867	12	NA	NA	NA	month	-1.6	
